Match ID,Team ID,Team Name,Match ID,Match URL
314325,6387,BLEED,314318,https://www.vlr.gg/314318/bleed-vs-detonation-focusme-champions-tour-2024-pacific-stage-1-w3
314325,6387,BLEED,314316,https://www.vlr.gg/314316/bleed-vs-zeta-division-champions-tour-2024-pacific-stage-1-w2
314325,6387,BLEED,314312,https://www.vlr.gg/314312/bleed-vs-rex-regum-qeon-champions-tour-2024-pacific-stage-1-w2
314325,6387,BLEED,314303,https://www.vlr.gg/314303/bleed-vs-talon-esports-champions-tour-2024-pacific-stage-1-w1
314325,6387,BLEED,296738,https://www.vlr.gg/296738/bleed-vs-global-esports-champions-tour-2024-pacific-kickoff-elim-a
314325,6387,BLEED,296735,https://www.vlr.gg/296735/t1-vs-bleed-champions-tour-2024-pacific-kickoff-opening-a
314325,6387,BLEED,287762,https://www.vlr.gg/287762/detonation-focusme-vs-bleed-riot-games-one-2023-d2
314325,624,Paper Rex,314324,https://www.vlr.gg/314324/global-esports-vs-paper-rex-champions-tour-2024-pacific-stage-1-w3
314325,624,Paper Rex,314320,https://www.vlr.gg/314320/team-secret-vs-paper-rex-champions-tour-2024-pacific-stage-1-w3
314325,624,Paper Rex,314309,https://www.vlr.gg/314309/gen-g-vs-paper-rex-champions-tour-2024-pacific-stage-1-w2
314325,624,Paper Rex,314304,https://www.vlr.gg/314304/t1-vs-paper-rex-champions-tour-2024-pacific-stage-1-w1
314325,624,Paper Rex,312781,https://www.vlr.gg/312781/sentinels-vs-paper-rex-champions-tour-2024-masters-madrid-lbf
314325,624,Paper Rex,312780,https://www.vlr.gg/312780/paper-rex-vs-loud-champions-tour-2024-masters-madrid-lr1
314325,624,Paper Rex,312777,https://www.vlr.gg/312777/gen-g-vs-paper-rex-champions-tour-2024-masters-madrid-ubsf
319785,731,TYLOO,319781,https://www.vlr.gg/319781/tyloo-vs-nova-esports-champions-tour-2024-china-stage-1-w3
319785,731,TYLOO,319776,https://www.vlr.gg/319776/tyloo-vs-edward-gaming-champions-tour-2024-china-stage-1-w2
319785,731,TYLOO,319765,https://www.vlr.gg/319765/bilibili-gaming-vs-tyloo-champions-tour-2024-china-stage-1-w1
319785,731,TYLOO,298690,https://www.vlr.gg/298690/tyloo-vs-nova-esports-champions-tour-2024-china-kickoff-elim-a
319785,731,TYLOO,298687,https://www.vlr.gg/298687/trace-esports-vs-tyloo-champions-tour-2024-china-kickoff-opening-a
319785,731,TYLOO,283403,https://www.vlr.gg/283403/tyloo-vs-lgd-gaming-china-evolution-series-act-3-heriability-oq-h-sf
319785,731,TYLOO,279103,https://www.vlr.gg/279103/tyloo-vs-funplus-phoenix-china-evolution-series-act-2-selection-elim-b
319785,13790,Wolves Esports,319777,https://www.vlr.gg/319777/wolves-esports-vs-trace-esports-champions-tour-2024-china-stage-1-w3
319785,13790,Wolves Esports,319773,https://www.vlr.gg/319773/all-gamers-vs-wolves-esports-champions-tour-2024-china-stage-1-w2
319785,13790,Wolves Esports,319770,https://www.vlr.gg/319770/funplus-phoenix-vs-wolves-esports-champions-tour-2024-china-stage-1-w1
319785,13790,Wolves Esports,319766,https://www.vlr.gg/319766/wolves-esports-vs-titan-esports-club-champions-tour-2024-china-stage-1-w1
319785,13790,Wolves Esports,298699,https://www.vlr.gg/298699/wolves-esports-vs-bilibili-gaming-champions-tour-2024-china-kickoff-decider-c
319785,13790,Wolves Esports,298698,https://www.vlr.gg/298698/wolves-esports-vs-edward-gaming-champions-tour-2024-china-kickoff-winners-c
319785,13790,Wolves Esports,298697,https://www.vlr.gg/298697/bilibili-gaming-vs-wolves-esports-champions-tour-2024-china-kickoff-opening-c
314326,918,Global Esports,314324,https://www.vlr.gg/314324/global-esports-vs-paper-rex-champions-tour-2024-pacific-stage-1-w3
314326,918,Global Esports,314319,https://www.vlr.gg/314319/global-esports-vs-rex-regum-qeon-champions-tour-2024-pacific-stage-1-w3
314326,918,Global Esports,314314,https://www.vlr.gg/314314/global-esports-vs-talon-esports-champions-tour-2024-pacific-stage-1-w2
314326,918,Global Esports,314306,https://www.vlr.gg/314306/global-esports-vs-drx-champions-tour-2024-pacific-stage-1-w1
314326,918,Global Esports,314301,https://www.vlr.gg/314301/global-esports-vs-zeta-division-champions-tour-2024-pacific-stage-1-w1
314326,918,Global Esports,296739,https://www.vlr.gg/296739/zeta-division-vs-global-esports-champions-tour-2024-pacific-kickoff-decider-a
314326,918,Global Esports,296738,https://www.vlr.gg/296738/bleed-vs-global-esports-champions-tour-2024-pacific-kickoff-elim-a
314326,278,DetonatioN FocusMe,314323,https://www.vlr.gg/314323/team-secret-vs-detonation-focusme-champions-tour-2024-pacific-stage-1-w3
314326,278,DetonatioN FocusMe,314318,https://www.vlr.gg/314318/bleed-vs-detonation-focusme-champions-tour-2024-pacific-stage-1-w3
314326,278,DetonatioN FocusMe,314313,https://www.vlr.gg/314313/gen-g-vs-detonation-focusme-champions-tour-2024-pacific-stage-1-w2
314326,278,DetonatioN FocusMe,314308,https://www.vlr.gg/314308/t1-vs-detonation-focusme-champions-tour-2024-pacific-stage-1-w1
314326,278,DetonatioN FocusMe,296733,https://www.vlr.gg/296733/detonation-focusme-vs-team-secret-champions-tour-2024-pacific-kickoff-elim-b
314326,278,DetonatioN FocusMe,296736,https://www.vlr.gg/296736/drx-vs-detonation-focusme-champions-tour-2024-pacific-kickoff-opening-b
314326,278,DetonatioN FocusMe,287762,https://www.vlr.gg/287762/detonation-focusme-vs-bleed-riot-games-one-2023-d2
319786,11328,FunPlus Phoenix,319778,https://www.vlr.gg/319778/nova-esports-vs-funplus-phoenix-champions-tour-2024-china-stage-1-w3
319786,11328,FunPlus Phoenix,319772,https://www.vlr.gg/319772/funplus-phoenix-vs-dragon-ranger-gaming-champions-tour-2024-china-stage-1-w2
319786,11328,FunPlus Phoenix,319770,https://www.vlr.gg/319770/funplus-phoenix-vs-wolves-esports-champions-tour-2024-china-stage-1-w1
319786,11328,FunPlus Phoenix,312800,https://www.vlr.gg/312800/funplus-phoenix-vs-loud-champions-tour-2024-masters-madrid-swiss-stage-r2
319786,11328,FunPlus Phoenix,312765,https://www.vlr.gg/312765/karmine-corp-vs-funplus-phoenix-champions-tour-2024-masters-madrid-swiss-stage-r1
319786,11328,FunPlus Phoenix,298835,https://www.vlr.gg/298835/funplus-phoenix-vs-edward-gaming-champions-tour-2024-china-kickoff-gf
319786,11328,FunPlus Phoenix,298833,https://www.vlr.gg/298833/funplus-phoenix-vs-dragon-ranger-gaming-champions-tour-2024-china-kickoff-sf
319786,1120,EDward Gaming,319782,https://www.vlr.gg/319782/edward-gaming-vs-titan-esports-club-champions-tour-2024-china-stage-1-w3
319786,1120,EDward Gaming,319776,https://www.vlr.gg/319776/tyloo-vs-edward-gaming-champions-tour-2024-china-stage-1-w2
319786,1120,EDward Gaming,319768,https://www.vlr.gg/319768/edward-gaming-vs-jd-gaming-champions-tour-2024-china-stage-1-w1
319786,1120,EDward Gaming,312803,https://www.vlr.gg/312803/loud-vs-edward-gaming-champions-tour-2024-masters-madrid-swiss-stage-r3
319786,1120,EDward Gaming,312797,https://www.vlr.gg/312797/edward-gaming-vs-gen-g-champions-tour-2024-masters-madrid-swiss-stage-r2
319786,1120,EDward Gaming,312767,https://www.vlr.gg/312767/edward-gaming-vs-paper-rex-champions-tour-2024-masters-madrid-swiss-stage-r1
319786,1120,EDward Gaming,298835,https://www.vlr.gg/298835/funplus-phoenix-vs-edward-gaming-champions-tour-2024-china-kickoff-gf
314644,11058,G2 Esports,314642,https://www.vlr.gg/314642/g2-esports-vs-leviat-n-champions-tour-2024-americas-stage-1-w3
314644,11058,G2 Esports,314638,https://www.vlr.gg/314638/g2-esports-vs-furia-champions-tour-2024-americas-stage-1-w3
314644,11058,G2 Esports,314628,https://www.vlr.gg/314628/g2-esports-vs-100-thieves-champions-tour-2024-americas-stage-1-w2
314644,11058,G2 Esports,314624,https://www.vlr.gg/314624/g2-esports-vs-evil-geniuses-champions-tour-2024-americas-stage-1-w1
314644,11058,G2 Esports,307574,https://www.vlr.gg/307574/sentinels-vs-g2-esports-champions-tour-2024-americas-kickoff-play-ins
314644,11058,G2 Esports,307573,https://www.vlr.gg/307573/g2-esports-vs-mibr-champions-tour-2024-americas-kickoff-play-ins
314644,11058,G2 Esports,295619,https://www.vlr.gg/295619/g2-esports-vs-kr-esports-champions-tour-2024-americas-kickoff-decider-c
314644,7386,MIBR,314641,https://www.vlr.gg/314641/nrg-esports-vs-mibr-champions-tour-2024-americas-stage-1-w3
314644,7386,MIBR,314634,https://www.vlr.gg/314634/sentinels-vs-mibr-champions-tour-2024-americas-stage-1-w3
314644,7386,MIBR,314630,https://www.vlr.gg/314630/kr-esports-vs-mibr-champions-tour-2024-americas-stage-1-w2
314644,7386,MIBR,307573,https://www.vlr.gg/307573/g2-esports-vs-mibr-champions-tour-2024-americas-kickoff-play-ins
314644,7386,MIBR,307572,https://www.vlr.gg/307572/mibr-vs-sentinels-champions-tour-2024-americas-kickoff-play-ins
314644,7386,MIBR,295609,https://www.vlr.gg/295609/cloud9-vs-mibr-champions-tour-2024-americas-kickoff-decider-a
314644,7386,MIBR,295608,https://www.vlr.gg/295608/furia-vs-mibr-champions-tour-2024-americas-kickoff-elim-a
314645,2,Sentinels,314640,https://www.vlr.gg/314640/sentinels-vs-evil-geniuses-champions-tour-2024-americas-stage-1-w3
314645,2,Sentinels,314634,https://www.vlr.gg/314634/sentinels-vs-mibr-champions-tour-2024-americas-stage-1-w3
314645,2,Sentinels,314629,https://www.vlr.gg/314629/sentinels-vs-leviat-n-champions-tour-2024-americas-stage-1-w2
314645,2,Sentinels,314625,https://www.vlr.gg/314625/sentinels-vs-100-thieves-champions-tour-2024-americas-stage-1-w1
314645,2,Sentinels,312779,https://www.vlr.gg/312779/gen-g-vs-sentinels-champions-tour-2024-masters-madrid-gf
314645,2,Sentinels,312781,https://www.vlr.gg/312781/sentinels-vs-paper-rex-champions-tour-2024-masters-madrid-lbf
314645,2,Sentinels,312778,https://www.vlr.gg/312778/gen-g-vs-sentinels-champions-tour-2024-masters-madrid-ubf
314645,6961,LOUD,314643,https://www.vlr.gg/314643/kr-esports-vs-loud-champions-tour-2024-americas-stage-1-w3
314645,6961,LOUD,314635,https://www.vlr.gg/314635/cloud9-vs-loud-champions-tour-2024-americas-stage-1-w3
314645,6961,LOUD,314623,https://www.vlr.gg/314623/nrg-esports-vs-loud-champions-tour-2024-americas-stage-1-w1
314645,6961,LOUD,312780,https://www.vlr.gg/312780/paper-rex-vs-loud-champions-tour-2024-masters-madrid-lr1
314645,6961,LOUD,312776,https://www.vlr.gg/312776/sentinels-vs-loud-champions-tour-2024-masters-madrid-ubsf
314645,6961,LOUD,312803,https://www.vlr.gg/312803/loud-vs-edward-gaming-champions-tour-2024-masters-madrid-swiss-stage-r3
314645,6961,LOUD,312800,https://www.vlr.gg/312800/funplus-phoenix-vs-loud-champions-tour-2024-masters-madrid-swiss-stage-r2
314327,14,T1,314321,https://www.vlr.gg/314321/t1-vs-talon-esports-champions-tour-2024-pacific-stage-1-w3
314327,14,T1,314315,https://www.vlr.gg/314315/t1-vs-rex-regum-qeon-champions-tour-2024-pacific-stage-1-w2
314327,14,T1,314310,https://www.vlr.gg/314310/t1-vs-drx-champions-tour-2024-pacific-stage-1-w2
314327,14,T1,314308,https://www.vlr.gg/314308/t1-vs-detonation-focusme-champions-tour-2024-pacific-stage-1-w1
314327,14,T1,314304,https://www.vlr.gg/314304/t1-vs-paper-rex-champions-tour-2024-pacific-stage-1-w1
314327,14,T1,297256,https://www.vlr.gg/297256/t1-vs-paper-rex-champions-tour-2024-pacific-kickoff-playoffs-sf
314327,14,T1,296737,https://www.vlr.gg/296737/t1-vs-zeta-division-champions-tour-2024-pacific-kickoff-winners-a
314327,5448,ZETA DIVISION,314322,https://www.vlr.gg/314322/gen-g-vs-zeta-division-champions-tour-2024-pacific-stage-1-w3
314327,5448,ZETA DIVISION,314316,https://www.vlr.gg/314316/bleed-vs-zeta-division-champions-tour-2024-pacific-stage-1-w2
314327,5448,ZETA DIVISION,314311,https://www.vlr.gg/314311/team-secret-vs-zeta-division-champions-tour-2024-pacific-stage-1-w2
314327,5448,ZETA DIVISION,314301,https://www.vlr.gg/314301/global-esports-vs-zeta-division-champions-tour-2024-pacific-stage-1-w1
314327,5448,ZETA DIVISION,297255,https://www.vlr.gg/297255/gen-g-vs-zeta-division-champions-tour-2024-pacific-kickoff-play-ins
314327,5448,ZETA DIVISION,297253,https://www.vlr.gg/297253/zeta-division-vs-team-secret-champions-tour-2024-pacific-kickoff-play-ins
314327,5448,ZETA DIVISION,296739,https://www.vlr.gg/296739/zeta-division-vs-global-esports-champions-tour-2024-pacific-kickoff-decider-a
319787,1119,All Gamers,319779,https://www.vlr.gg/319779/bilibili-gaming-vs-all-gamers-champions-tour-2024-china-stage-1-w3
319787,1119,All Gamers,319773,https://www.vlr.gg/319773/all-gamers-vs-wolves-esports-champions-tour-2024-china-stage-1-w2
319787,1119,All Gamers,319767,https://www.vlr.gg/319767/dragon-ranger-gaming-vs-all-gamers-champions-tour-2024-china-stage-1-w1
319787,1119,All Gamers,298695,https://www.vlr.gg/298695/jd-gaming-vs-all-gamers-champions-tour-2024-china-kickoff-elim-b
319787,1119,All Gamers,298693,https://www.vlr.gg/298693/dragon-ranger-gaming-vs-all-gamers-champions-tour-2024-china-kickoff-opening-b
319787,1119,All Gamers,284230,https://www.vlr.gg/284230/all-gamers-vs-lgd-gaming-china-evolution-series-act-3-heriability-decider-d
319787,1119,All Gamers,284228,https://www.vlr.gg/284228/funplus-phoenix-vs-all-gamers-china-evolution-series-act-3-heriability-winners-d
319787,12064,Nova Esports,319781,https://www.vlr.gg/319781/tyloo-vs-nova-esports-champions-tour-2024-china-stage-1-w3
319787,12064,Nova Esports,319778,https://www.vlr.gg/319778/nova-esports-vs-funplus-phoenix-champions-tour-2024-china-stage-1-w3
319787,12064,Nova Esports,319771,https://www.vlr.gg/319771/jd-gaming-vs-nova-esports-champions-tour-2024-china-stage-1-w2
319787,12064,Nova Esports,319769,https://www.vlr.gg/319769/nova-esports-vs-trace-esports-champions-tour-2024-china-stage-1-w1
319787,12064,Nova Esports,298691,https://www.vlr.gg/298691/trace-esports-vs-nova-esports-champions-tour-2024-china-kickoff-decider-a
319787,12064,Nova Esports,298690,https://www.vlr.gg/298690/tyloo-vs-nova-esports-champions-tour-2024-china-kickoff-elim-a
319787,12064,Nova Esports,298688,https://www.vlr.gg/298688/funplus-phoenix-vs-nova-esports-champions-tour-2024-china-kickoff-opening-a
314328,6199,Team Secret,314323,https://www.vlr.gg/314323/team-secret-vs-detonation-focusme-champions-tour-2024-pacific-stage-1-w3
314328,6199,Team Secret,314320,https://www.vlr.gg/314320/team-secret-vs-paper-rex-champions-tour-2024-pacific-stage-1-w3
314328,6199,Team Secret,314311,https://www.vlr.gg/314311/team-secret-vs-zeta-division-champions-tour-2024-pacific-stage-1-w2
314328,6199,Team Secret,314305,https://www.vlr.gg/314305/team-secret-vs-rex-regum-qeon-champions-tour-2024-pacific-stage-1-w1
314328,6199,Team Secret,314302,https://www.vlr.gg/314302/team-secret-vs-drx-champions-tour-2024-pacific-stage-1-w1
314328,6199,Team Secret,297253,https://www.vlr.gg/297253/zeta-division-vs-team-secret-champions-tour-2024-pacific-kickoff-play-ins
314328,6199,Team Secret,297254,https://www.vlr.gg/297254/team-secret-vs-gen-g-champions-tour-2024-pacific-kickoff-play-ins
314328,8304,Talon Esports,314321,https://www.vlr.gg/314321/t1-vs-talon-esports-champions-tour-2024-pacific-stage-1-w3
314328,8304,Talon Esports,314314,https://www.vlr.gg/314314/global-esports-vs-talon-esports-champions-tour-2024-pacific-stage-1-w2
314328,8304,Talon Esports,314307,https://www.vlr.gg/314307/gen-g-vs-talon-esports-champions-tour-2024-pacific-stage-1-w1
314328,8304,Talon Esports,314303,https://www.vlr.gg/314303/bleed-vs-talon-esports-champions-tour-2024-pacific-stage-1-w1
314328,8304,Talon Esports,296734,https://www.vlr.gg/296734/talon-esports-vs-team-secret-champions-tour-2024-pacific-kickoff-decider-b
314328,8304,Talon Esports,296732,https://www.vlr.gg/296732/drx-vs-talon-esports-champions-tour-2024-pacific-kickoff-winners-b
314328,8304,Talon Esports,296731,https://www.vlr.gg/296731/team-secret-vs-talon-esports-champions-tour-2024-pacific-kickoff-opening-b
319788,12010,Bilibili Gaming,319783,https://www.vlr.gg/319783/titan-esports-club-vs-bilibili-gaming-champions-tour-2024-china-stage-1-w4
319788,12010,Bilibili Gaming,319779,https://www.vlr.gg/319779/bilibili-gaming-vs-all-gamers-champions-tour-2024-china-stage-1-w3
319788,12010,Bilibili Gaming,319774,https://www.vlr.gg/319774/trace-esports-vs-bilibili-gaming-champions-tour-2024-china-stage-1-w2
319788,12010,Bilibili Gaming,319765,https://www.vlr.gg/319765/bilibili-gaming-vs-tyloo-champions-tour-2024-china-stage-1-w1
319788,12010,Bilibili Gaming,298832,https://www.vlr.gg/298832/bilibili-gaming-vs-trace-esports-champions-tour-2024-china-kickoff-round-robin
319788,12010,Bilibili Gaming,298831,https://www.vlr.gg/298831/bilibili-gaming-vs-titan-esports-club-champions-tour-2024-china-kickoff-round-robin
319788,12010,Bilibili Gaming,298699,https://www.vlr.gg/298699/wolves-esports-vs-bilibili-gaming-champions-tour-2024-china-kickoff-decider-c
319788,13576,JD Gaming,319780,https://www.vlr.gg/319780/dragon-ranger-gaming-vs-jd-gaming-champions-tour-2024-china-stage-1-w3
319788,13576,JD Gaming,319771,https://www.vlr.gg/319771/jd-gaming-vs-nova-esports-champions-tour-2024-china-stage-1-w2
319788,13576,JD Gaming,319768,https://www.vlr.gg/319768/edward-gaming-vs-jd-gaming-champions-tour-2024-china-stage-1-w1
319788,13576,JD Gaming,298696,https://www.vlr.gg/298696/titan-esports-club-vs-jd-gaming-champions-tour-2024-china-kickoff-decider-b
319788,13576,JD Gaming,298695,https://www.vlr.gg/298695/jd-gaming-vs-all-gamers-champions-tour-2024-china-kickoff-elim-b
319788,13576,JD Gaming,298692,https://www.vlr.gg/298692/jd-gaming-vs-titan-esports-club-champions-tour-2024-china-kickoff-opening-b
319788,13576,JD Gaming,292033,https://www.vlr.gg/292033/rare-atom-vs-dragon-ranger-gaming-champions-tour-2023-china-ascension-gf
314646,188,Cloud9,314639,https://www.vlr.gg/314639/cloud9-vs-100-thieves-champions-tour-2024-americas-stage-1-w3
314646,188,Cloud9,314635,https://www.vlr.gg/314635/cloud9-vs-loud-champions-tour-2024-americas-stage-1-w3
314646,188,Cloud9,314632,https://www.vlr.gg/314632/cloud9-vs-evil-geniuses-champions-tour-2024-americas-stage-1-w2
314646,188,Cloud9,314622,https://www.vlr.gg/314622/cloud9-vs-leviat-n-champions-tour-2024-americas-stage-1-w1
314646,188,Cloud9,295609,https://www.vlr.gg/295609/cloud9-vs-mibr-champions-tour-2024-americas-kickoff-decider-a
314646,188,Cloud9,295607,https://www.vlr.gg/295607/nrg-esports-vs-cloud9-champions-tour-2024-americas-kickoff-winners-a
314646,188,Cloud9,295606,https://www.vlr.gg/295606/cloud9-vs-mibr-champions-tour-2024-americas-kickoff-opening-a
314646,2406,FURIA,314638,https://www.vlr.gg/314638/g2-esports-vs-furia-champions-tour-2024-americas-stage-1-w3
314646,2406,FURIA,314631,https://www.vlr.gg/314631/nrg-esports-vs-furia-champions-tour-2024-americas-stage-1-w2
314646,2406,FURIA,314626,https://www.vlr.gg/314626/kr-esports-vs-furia-champions-tour-2024-americas-stage-1-w1
314646,2406,FURIA,295608,https://www.vlr.gg/295608/furia-vs-mibr-champions-tour-2024-americas-kickoff-elim-a
314646,2406,FURIA,295605,https://www.vlr.gg/295605/nrg-esports-vs-furia-champions-tour-2024-americas-kickoff-opening-a
314646,2406,FURIA,289452,https://www.vlr.gg/289452/global-esports-vs-furia-convergence-2023-d3
314646,2406,FURIA,289450,https://www.vlr.gg/289450/furia-vs-team-vitality-convergence-2023-d2
314647,1034,NRG Esports,314641,https://www.vlr.gg/314641/nrg-esports-vs-mibr-champions-tour-2024-americas-stage-1-w3
314647,1034,NRG Esports,314637,https://www.vlr.gg/314637/nrg-esports-vs-leviat-n-champions-tour-2024-americas-stage-1-w3
314647,1034,NRG Esports,314631,https://www.vlr.gg/314631/nrg-esports-vs-furia-champions-tour-2024-americas-stage-1-w2
314647,1034,NRG Esports,314623,https://www.vlr.gg/314623/nrg-esports-vs-loud-champions-tour-2024-americas-stage-1-w1
314647,1034,NRG Esports,303088,https://www.vlr.gg/303088/nrg-esports-vs-sentinels-champions-tour-2024-americas-kickoff-sf
314647,1034,NRG Esports,295607,https://www.vlr.gg/295607/nrg-esports-vs-cloud9-champions-tour-2024-americas-kickoff-winners-a
314647,1034,NRG Esports,295605,https://www.vlr.gg/295605/nrg-esports-vs-furia-champions-tour-2024-americas-kickoff-opening-a
314647,5248,Evil Geniuses,314640,https://www.vlr.gg/314640/sentinels-vs-evil-geniuses-champions-tour-2024-americas-stage-1-w3
314647,5248,Evil Geniuses,314636,https://www.vlr.gg/314636/kr-esports-vs-evil-geniuses-champions-tour-2024-americas-stage-1-w3
314647,5248,Evil Geniuses,314632,https://www.vlr.gg/314632/cloud9-vs-evil-geniuses-champions-tour-2024-americas-stage-1-w2
314647,5248,Evil Geniuses,314624,https://www.vlr.gg/314624/g2-esports-vs-evil-geniuses-champions-tour-2024-americas-stage-1-w1
314647,5248,Evil Geniuses,303087,https://www.vlr.gg/303087/evil-geniuses-vs-loud-champions-tour-2024-americas-kickoff-sf
314647,5248,Evil Geniuses,295617,https://www.vlr.gg/295617/g2-esports-vs-evil-geniuses-champions-tour-2024-americas-kickoff-winners-c
314647,5248,Evil Geniuses,248277,https://www.vlr.gg/248277/paper-rex-vs-evil-geniuses-valorant-champions-2023-playoffs-gf
314329,6387,BLEED,314318,https://www.vlr.gg/314318/bleed-vs-detonation-focusme-champions-tour-2024-pacific-stage-1-w3
314329,6387,BLEED,314316,https://www.vlr.gg/314316/bleed-vs-zeta-division-champions-tour-2024-pacific-stage-1-w2
314329,6387,BLEED,314312,https://www.vlr.gg/314312/bleed-vs-rex-regum-qeon-champions-tour-2024-pacific-stage-1-w2
314329,6387,BLEED,314303,https://www.vlr.gg/314303/bleed-vs-talon-esports-champions-tour-2024-pacific-stage-1-w1
314329,6387,BLEED,296738,https://www.vlr.gg/296738/bleed-vs-global-esports-champions-tour-2024-pacific-kickoff-elim-a
314329,6387,BLEED,296735,https://www.vlr.gg/296735/t1-vs-bleed-champions-tour-2024-pacific-kickoff-opening-a
314329,6387,BLEED,287762,https://www.vlr.gg/287762/detonation-focusme-vs-bleed-riot-games-one-2023-d2
314329,8185,DRX,314317,https://www.vlr.gg/314317/gen-g-vs-drx-champions-tour-2024-pacific-stage-1-w3
314329,8185,DRX,314310,https://www.vlr.gg/314310/t1-vs-drx-champions-tour-2024-pacific-stage-1-w2
314329,8185,DRX,314306,https://www.vlr.gg/314306/global-esports-vs-drx-champions-tour-2024-pacific-stage-1-w1
314329,8185,DRX,314302,https://www.vlr.gg/314302/team-secret-vs-drx-champions-tour-2024-pacific-stage-1-w1
314329,8185,DRX,297257,https://www.vlr.gg/297257/drx-vs-gen-g-champions-tour-2024-pacific-kickoff-playoffs-sf
314329,8185,DRX,296732,https://www.vlr.gg/296732/drx-vs-talon-esports-champions-tour-2024-pacific-kickoff-winners-b
314329,8185,DRX,296736,https://www.vlr.gg/296736/drx-vs-detonation-focusme-champions-tour-2024-pacific-kickoff-opening-b
314330,17,Gen.G,314322,https://www.vlr.gg/314322/gen-g-vs-zeta-division-champions-tour-2024-pacific-stage-1-w3
314330,17,Gen.G,314317,https://www.vlr.gg/314317/gen-g-vs-drx-champions-tour-2024-pacific-stage-1-w3
314330,17,Gen.G,314313,https://www.vlr.gg/314313/gen-g-vs-detonation-focusme-champions-tour-2024-pacific-stage-1-w2
314330,17,Gen.G,314309,https://www.vlr.gg/314309/gen-g-vs-paper-rex-champions-tour-2024-pacific-stage-1-w2
314330,17,Gen.G,314307,https://www.vlr.gg/314307/gen-g-vs-talon-esports-champions-tour-2024-pacific-stage-1-w1
314330,17,Gen.G,312779,https://www.vlr.gg/312779/gen-g-vs-sentinels-champions-tour-2024-masters-madrid-gf
314330,17,Gen.G,312778,https://www.vlr.gg/312778/gen-g-vs-sentinels-champions-tour-2024-masters-madrid-ubf
314330,878,Rex Regum Qeon,314319,https://www.vlr.gg/314319/global-esports-vs-rex-regum-qeon-champions-tour-2024-pacific-stage-1-w3
314330,878,Rex Regum Qeon,314315,https://www.vlr.gg/314315/t1-vs-rex-regum-qeon-champions-tour-2024-pacific-stage-1-w2
314330,878,Rex Regum Qeon,314312,https://www.vlr.gg/314312/bleed-vs-rex-regum-qeon-champions-tour-2024-pacific-stage-1-w2
314330,878,Rex Regum Qeon,314305,https://www.vlr.gg/314305/team-secret-vs-rex-regum-qeon-champions-tour-2024-pacific-stage-1-w1
314330,878,Rex Regum Qeon,296749,https://www.vlr.gg/296749/gen-g-vs-rex-regum-qeon-champions-tour-2024-pacific-kickoff-decider-c
314330,878,Rex Regum Qeon,296745,https://www.vlr.gg/296745/gen-g-vs-rex-regum-qeon-champions-tour-2024-pacific-kickoff-opening-c
314330,878,Rex Regum Qeon,237272,https://www.vlr.gg/237272/rex-regum-qeon-vs-gen-g-champions-tour-2023-pacific-last-chance-qualifier-lr1
314648,2355,KRÜ Esports,314643,https://www.vlr.gg/314643/kr-esports-vs-loud-champions-tour-2024-americas-stage-1-w3
314648,2355,KRÜ Esports,314636,https://www.vlr.gg/314636/kr-esports-vs-evil-geniuses-champions-tour-2024-americas-stage-1-w3
314648,2355,KRÜ Esports,314630,https://www.vlr.gg/314630/kr-esports-vs-mibr-champions-tour-2024-americas-stage-1-w2
314648,2355,KRÜ Esports,314626,https://www.vlr.gg/314626/kr-esports-vs-furia-champions-tour-2024-americas-stage-1-w1
314648,2355,KRÜ Esports,295619,https://www.vlr.gg/295619/g2-esports-vs-kr-esports-champions-tour-2024-americas-kickoff-decider-c
314648,2355,KRÜ Esports,295615,https://www.vlr.gg/295615/kr-esports-vs-g2-esports-champions-tour-2024-americas-kickoff-opening-c
314648,2355,KRÜ Esports,281030,https://www.vlr.gg/281030/kr-esports-vs-furia-superdome-2023-colombia-lr1
314648,120,100 Thieves,314639,https://www.vlr.gg/314639/cloud9-vs-100-thieves-champions-tour-2024-americas-stage-1-w3
314648,120,100 Thieves,314628,https://www.vlr.gg/314628/g2-esports-vs-100-thieves-champions-tour-2024-americas-stage-1-w2
314648,120,100 Thieves,314625,https://www.vlr.gg/314625/sentinels-vs-100-thieves-champions-tour-2024-americas-stage-1-w1
314648,120,100 Thieves,295613,https://www.vlr.gg/295613/sentinels-vs-100-thieves-champions-tour-2024-americas-kickoff-elim-b
314648,120,100 Thieves,295611,https://www.vlr.gg/295611/leviat-n-vs-100-thieves-champions-tour-2024-americas-kickoff-opening-b
314648,120,100 Thieves,294186,https://www.vlr.gg/294186/cloud9-vs-100-thieves-ludwig-x-tarik-invitational-2-lr1
314648,120,100 Thieves,294183,https://www.vlr.gg/294183/100-thieves-vs-oxygen-esports-ludwig-x-tarik-invitational-2-ubsf
334296,9315,ZETA DIVISION GC,328148,https://www.vlr.gg/328148/zeta-division-gc-vs-cyber-geek-game-changers-2024-japan-split-1-oq-a-gf
334296,9315,ZETA DIVISION GC,328147,https://www.vlr.gg/328147/zeta-division-gc-vs-cyber-geek-game-changers-2024-japan-split-1-oq-a-uf
334296,9315,ZETA DIVISION GC,328145,https://www.vlr.gg/328145/zeta-division-gc-vs-insomnia-gc-game-changers-2024-japan-split-1-oq-a-ubsf
334296,9315,ZETA DIVISION GC,280755,https://www.vlr.gg/280755/chao-hui-edward-gaming-vs-zeta-division-gc-game-changers-2023-east-asia-gf
334296,9315,ZETA DIVISION GC,280757,https://www.vlr.gg/280757/chosen-clique-gaming-gc-vs-zeta-division-gc-game-changers-2023-east-asia-lf
334296,9315,ZETA DIVISION GC,280756,https://www.vlr.gg/280756/zeta-division-gc-vs-fennel-gc-game-changers-2023-east-asia-lr1
334296,9315,ZETA DIVISION GC,280752,https://www.vlr.gg/280752/zeta-division-gc-vs-chao-hui-edward-gaming-game-changers-2023-east-asia-ubsf
325996,13849,JFT,325994,https://www.vlr.gg/325994/focusgg-vs-jft-challengers-league-oceania-stage-1-lr2
325996,13849,JFT,325992,https://www.vlr.gg/325992/rub-n-pug-vs-jft-challengers-league-oceania-stage-1-lr1
325996,13849,JFT,325985,https://www.vlr.gg/325985/arena-internet-cafe-vs-jft-challengers-league-oceania-stage-1-ubqf
325996,13849,JFT,327022,https://www.vlr.gg/327022/jft-vs-xu-gang-lpl-pathfinder-season-1-gf
325996,13849,JFT,327018,https://www.vlr.gg/327018/jft-vs-built-for-greatness-lpl-pathfinder-season-1-sf
325996,13849,JFT,322656,https://www.vlr.gg/322656/ipgn-vs-jft-challengers-league-oceania-stage-1-ur4
325996,13849,JFT,322648,https://www.vlr.gg/322648/jft-vs-corn-dawgs-challengers-league-oceania-stage-1-r3-1-1
325996,8448,BOBO,325995,https://www.vlr.gg/325995/edge-vs-bobo-challengers-league-oceania-stage-1-lr2
325996,8448,BOBO,325993,https://www.vlr.gg/325993/ipgn-vs-bobo-challengers-league-oceania-stage-1-lr1
325996,8448,BOBO,325987,https://www.vlr.gg/325987/bobo-vs-edge-challengers-league-oceania-stage-1-ubqf
325996,8448,BOBO,322647,https://www.vlr.gg/322647/antic-esports-vs-arena-internet-cafe-challengers-league-oceania-stage-1-ur3
325996,8448,BOBO,322640,https://www.vlr.gg/322640/antic-esports-vs-arcade-esports-challengers-league-oceania-stage-1-ur2
325996,8448,BOBO,320776,https://www.vlr.gg/320776/antic-esports-vs-after-life-esports-challengers-league-oceania-stage-1-r1
325996,8448,BOBO,313966,https://www.vlr.gg/313966/focusgg-vs-antic-esports-challengers-league-oceania-stage-1-ubsf
324714,8030,MLT Esports,324724,https://www.vlr.gg/324724/mlt-esports-vs-true-rippers-omen-challengers-league-2024-south-asia-split-1-w4
324714,8030,MLT Esports,324721,https://www.vlr.gg/324721/orangutan-vs-mlt-esports-omen-challengers-league-2024-south-asia-split-1-w4
324714,8030,MLT Esports,324710,https://www.vlr.gg/324710/mlt-esports-vs-grayfox-esports-omen-challengers-league-2024-south-asia-split-1-w2
324714,8030,MLT Esports,324704,https://www.vlr.gg/324704/carnival-gaming-vs-mlt-esports-omen-challengers-league-2024-south-asia-split-1-w1
324714,8030,MLT Esports,324702,https://www.vlr.gg/324702/mlt-esports-vs-medal-esports-omen-challengers-league-2024-south-asia-split-1-w1
324714,8030,MLT Esports,297058,https://www.vlr.gg/297058/mlt-esports-vs-revenant-esports-omen-challengers-league-2024-south-asia-split-1-w3
324714,8030,MLT Esports,297054,https://www.vlr.gg/297054/mlt-esports-vs-carnival-gaming-omen-challengers-league-2024-south-asia-split-1-w3
324714,1033,Reckoning Esports,324723,https://www.vlr.gg/324723/reckoning-esports-vs-medal-esports-omen-challengers-league-2024-south-asia-split-1-w4
324714,1033,Reckoning Esports,324720,https://www.vlr.gg/324720/carnival-gaming-vs-reckoning-esports-omen-challengers-league-2024-south-asia-split-1-w4
324714,1033,Reckoning Esports,324716,https://www.vlr.gg/324716/reckoning-esports-vs-true-rippers-omen-challengers-league-2024-south-asia-split-1-w3
324714,1033,Reckoning Esports,324711,https://www.vlr.gg/324711/revenant-esports-vs-reckoning-esports-omen-challengers-league-2024-south-asia-split-1-w2
324714,1033,Reckoning Esports,324708,https://www.vlr.gg/324708/orangutan-vs-reckoning-esports-omen-challengers-league-2024-south-asia-split-1-w2
324714,1033,Reckoning Esports,297059,https://www.vlr.gg/297059/reckoning-esports-vs-grayfox-esports-omen-challengers-league-2024-south-asia-split-1-w3
324714,1033,Reckoning Esports,297055,https://www.vlr.gg/297055/reckoning-esports-vs-medal-esports-omen-challengers-league-2024-south-asia-split-1-w3
325990,15289,Arena Internet Cafe,325988,https://www.vlr.gg/325988/focusgg-vs-arena-internet-cafe-challengers-league-oceania-stage-1-ubsf
325990,15289,Arena Internet Cafe,325985,https://www.vlr.gg/325985/arena-internet-cafe-vs-jft-challengers-league-oceania-stage-1-ubqf
325990,15289,Arena Internet Cafe,322655,https://www.vlr.gg/322655/arena-internet-cafe-vs-arcade-esports-challengers-league-oceania-stage-1-ur4
325990,15289,Arena Internet Cafe,322647,https://www.vlr.gg/322647/antic-esports-vs-arena-internet-cafe-challengers-league-oceania-stage-1-ur3
325990,15289,Arena Internet Cafe,322641,https://www.vlr.gg/322641/edge-vs-arena-internet-cafe-challengers-league-oceania-stage-1-ur2
325990,15289,Arena Internet Cafe,320779,https://www.vlr.gg/320779/arena-internet-cafe-vs-corn-dawgs-challengers-league-oceania-stage-1-r1
325990,15289,Arena Internet Cafe,240865,https://www.vlr.gg/240865/nerdpunt-vs-trident-esports-lpl-summer-cup-legends-2023-gf
325990,14469,JiJieHao,325989,https://www.vlr.gg/325989/jijiehao-vs-edge-challengers-league-oceania-stage-1-ubsf
325990,14469,JiJieHao,325986,https://www.vlr.gg/325986/jijiehao-vs-ipgn-challengers-league-oceania-stage-1-ubqf
325990,14469,JiJieHao,322654,https://www.vlr.gg/322654/jijiehao-vs-edge-challengers-league-oceania-stage-1-ur4
325990,14469,JiJieHao,322646,https://www.vlr.gg/322646/jijiehao-vs-focusgg-challengers-league-oceania-stage-1-ur3
325990,14469,JiJieHao,322638,https://www.vlr.gg/322638/jijiehao-vs-jft-challengers-league-oceania-stage-1-ur2
325990,14469,JiJieHao,320772,https://www.vlr.gg/320772/jijiehao-vs-xu-gang-challengers-league-oceania-stage-1-r1
325990,14469,JiJieHao,220843,https://www.vlr.gg/220843/boom-esports-vs-bonkers-champions-tour-2023-pacific-ascension-playoffs-qf
324715,8904,Orangutan,324722,https://www.vlr.gg/324722/orangutan-vs-revenant-esports-omen-challengers-league-2024-south-asia-split-1-w4
324715,8904,Orangutan,324721,https://www.vlr.gg/324721/orangutan-vs-mlt-esports-omen-challengers-league-2024-south-asia-split-1-w4
324715,8904,Orangutan,324708,https://www.vlr.gg/324708/orangutan-vs-reckoning-esports-omen-challengers-league-2024-south-asia-split-1-w2
324715,8904,Orangutan,324706,https://www.vlr.gg/324706/carnival-gaming-vs-orangutan-omen-challengers-league-2024-south-asia-split-1-w2
324715,8904,Orangutan,324705,https://www.vlr.gg/324705/orangutan-vs-true-rippers-omen-challengers-league-2024-south-asia-split-1-w1
324715,8904,Orangutan,324700,https://www.vlr.gg/324700/orangutan-vs-medal-esports-omen-challengers-league-2024-south-asia-split-1-w1
324715,8904,Orangutan,297056,https://www.vlr.gg/297056/orangutan-vs-grayfox-esports-omen-challengers-league-2024-south-asia-split-1-w3
324715,13368,Grayfox Esports,324725,https://www.vlr.gg/324725/carnival-gaming-vs-grayfox-esports-omen-challengers-league-2024-south-asia-split-1-w4
324715,13368,Grayfox Esports,324718,https://www.vlr.gg/324718/revenant-esports-vs-grayfox-esports-omen-challengers-league-2024-south-asia-split-1-w3
324715,13368,Grayfox Esports,324710,https://www.vlr.gg/324710/mlt-esports-vs-grayfox-esports-omen-challengers-league-2024-south-asia-split-1-w2
324715,13368,Grayfox Esports,324709,https://www.vlr.gg/324709/medal-esports-vs-grayfox-esports-omen-challengers-league-2024-south-asia-split-1-w2
324715,13368,Grayfox Esports,324707,https://www.vlr.gg/324707/true-rippers-vs-grayfox-esports-omen-challengers-league-2024-south-asia-split-1-w2
324715,13368,Grayfox Esports,314547,https://www.vlr.gg/314547/grayfox-esports-vs-true-rippers-omen-challengers-league-2024-south-asia-split-1-gf
324715,13368,Grayfox Esports,314542,https://www.vlr.gg/314542/revenant-esports-vs-grayfox-esports-omen-challengers-league-2024-south-asia-split-1-ubf
329331,15021,Legacy,329329,https://www.vlr.gg/329329/galorys-vs-legacy-gamers-club-challengers-league-2024-brazil-split-1-playoffs-lr1
329331,15021,Legacy,329323,https://www.vlr.gg/329323/hero-base-vs-legacy-gamers-club-challengers-league-2024-brazil-split-1-playoffs-ur1
329331,15021,Legacy,328546,https://www.vlr.gg/328546/tbk-esports-vs-legacy-gamers-club-challengers-league-2024-brazil-split-1-decider
329331,15021,Legacy,328545,https://www.vlr.gg/328545/xld-gaming-vs-legacy-gamers-club-challengers-league-2024-brazil-split-1-elim
329331,15021,Legacy,328543,https://www.vlr.gg/328543/legacy-vs-tbk-esports-gamers-club-challengers-league-2024-brazil-split-1-opening
329331,15021,Legacy,299659,https://www.vlr.gg/299659/legacy-vs-co-op-gg-gamers-club-challengers-league-2024-brazil-split-1-regular-season-w9
329331,15021,Legacy,299652,https://www.vlr.gg/299652/legacy-vs-galorys-gamers-club-challengers-league-2024-brazil-split-1-regular-season-w8
329331,15117,Hero Base,329330,https://www.vlr.gg/329330/hero-base-vs-stellae-gaming-gamers-club-challengers-league-2024-brazil-split-1-playoffs-lr1
329331,15117,Hero Base,329325,https://www.vlr.gg/329325/2game-esports-vs-hero-base-gamers-club-challengers-league-2024-brazil-split-1-playoffs-ubsf
329331,15117,Hero Base,329323,https://www.vlr.gg/329323/hero-base-vs-legacy-gamers-club-challengers-league-2024-brazil-split-1-playoffs-ur1
329331,15117,Hero Base,299657,https://www.vlr.gg/299657/hero-base-vs-xld-gaming-gamers-club-challengers-league-2024-brazil-split-1-regular-season-w9
329331,15117,Hero Base,299650,https://www.vlr.gg/299650/hero-base-vs-co-op-gg-gamers-club-challengers-league-2024-brazil-split-1-regular-season-w8
329331,15117,Hero Base,299649,https://www.vlr.gg/299649/hero-base-vs-2game-esports-gamers-club-challengers-league-2024-brazil-split-1-regular-season-w7
329331,15117,Hero Base,299640,https://www.vlr.gg/299640/hero-base-vs-galorys-gamers-club-challengers-league-2024-brazil-split-1-regular-season-w6
329327,15072,2Game Esports,329325,https://www.vlr.gg/329325/2game-esports-vs-hero-base-gamers-club-challengers-league-2024-brazil-split-1-playoffs-ubsf
329327,15072,2Game Esports,299658,https://www.vlr.gg/299658/olimpo-vs-2game-esports-gamers-club-challengers-league-2024-brazil-split-1-regular-season-w9
329327,15072,2Game Esports,299651,https://www.vlr.gg/299651/2game-esports-vs-xld-gaming-gamers-club-challengers-league-2024-brazil-split-1-regular-season-w8
329327,15072,2Game Esports,299649,https://www.vlr.gg/299649/hero-base-vs-2game-esports-gamers-club-challengers-league-2024-brazil-split-1-regular-season-w7
329327,15072,2Game Esports,299642,https://www.vlr.gg/299642/tbk-esports-vs-2game-esports-gamers-club-challengers-league-2024-brazil-split-1-regular-season-w
329327,15072,2Game Esports,299637,https://www.vlr.gg/299637/2game-esports-vs-stellae-gaming-gamers-club-challengers-league-2024-brazil-split-1-regular-seaso
329327,15072,2Game Esports,299631,https://www.vlr.gg/299631/2game-esports-vs-legacy-gamers-club-challengers-league-2024-brazil-split-1-regular-season-w4
329327,1124,RED Canids,329326,https://www.vlr.gg/329326/red-canids-vs-galorys-gamers-club-challengers-league-2024-brazil-split-1-playoffs-ubsf
329327,1124,RED Canids,299655,https://www.vlr.gg/299655/red-canids-vs-tbk-esports-gamers-club-challengers-league-2024-brazil-split-1-regular-season-w9
329327,1124,RED Canids,299653,https://www.vlr.gg/299653/stellae-gaming-vs-red-canids-gamers-club-challengers-league-2024-brazil-split-1-regular-season-w
329327,1124,RED Canids,299647,https://www.vlr.gg/299647/legacy-vs-red-canids-gamers-club-challengers-league-2024-brazil-split-1-regular-season-w7
329327,1124,RED Canids,299641,https://www.vlr.gg/299641/red-canids-vs-co-op-gg-gamers-club-challengers-league-2024-brazil-split-1-regular-season-w6
329327,1124,RED Canids,299636,https://www.vlr.gg/299636/red-canids-vs-galorys-gamers-club-challengers-league-2024-brazil-split-1-regular-season-w5
329327,1124,RED Canids,299633,https://www.vlr.gg/299633/hero-base-vs-red-canids-gamers-club-challengers-league-2024-brazil-split-1-regular-season-w4
324726,14819,Carnival Gaming,324725,https://www.vlr.gg/324725/carnival-gaming-vs-grayfox-esports-omen-challengers-league-2024-south-asia-split-1-w4
324726,14819,Carnival Gaming,324720,https://www.vlr.gg/324720/carnival-gaming-vs-reckoning-esports-omen-challengers-league-2024-south-asia-split-1-w4
324726,14819,Carnival Gaming,324706,https://www.vlr.gg/324706/carnival-gaming-vs-orangutan-omen-challengers-league-2024-south-asia-split-1-w2
324726,14819,Carnival Gaming,324704,https://www.vlr.gg/324704/carnival-gaming-vs-mlt-esports-omen-challengers-league-2024-south-asia-split-1-w1
324726,14819,Carnival Gaming,324701,https://www.vlr.gg/324701/carnival-gaming-vs-revenant-esports-omen-challengers-league-2024-south-asia-split-1-w1
324726,14819,Carnival Gaming,297054,https://www.vlr.gg/297054/mlt-esports-vs-carnival-gaming-omen-challengers-league-2024-south-asia-split-1-w3
324726,14819,Carnival Gaming,297052,https://www.vlr.gg/297052/carnival-gaming-vs-reckoning-esports-omen-challengers-league-2024-south-asia-split-1-w3
324726,4733,True Rippers,324724,https://www.vlr.gg/324724/mlt-esports-vs-true-rippers-omen-challengers-league-2024-south-asia-split-1-w4
324726,4733,True Rippers,324719,https://www.vlr.gg/324719/true-rippers-vs-medal-esports-omen-challengers-league-2024-south-asia-split-1-w3
324726,4733,True Rippers,324716,https://www.vlr.gg/324716/reckoning-esports-vs-true-rippers-omen-challengers-league-2024-south-asia-split-1-w3
324726,4733,True Rippers,324707,https://www.vlr.gg/324707/true-rippers-vs-grayfox-esports-omen-challengers-league-2024-south-asia-split-1-w2
324726,4733,True Rippers,324705,https://www.vlr.gg/324705/orangutan-vs-true-rippers-omen-challengers-league-2024-south-asia-split-1-w1
324726,4733,True Rippers,324703,https://www.vlr.gg/324703/revenant-esports-vs-true-rippers-omen-challengers-league-2024-south-asia-split-1-w1
324726,4733,True Rippers,314547,https://www.vlr.gg/314547/grayfox-esports-vs-true-rippers-omen-challengers-league-2024-south-asia-split-1-gf
324727,8030,MLT Esports,324724,https://www.vlr.gg/324724/mlt-esports-vs-true-rippers-omen-challengers-league-2024-south-asia-split-1-w4
324727,8030,MLT Esports,324721,https://www.vlr.gg/324721/orangutan-vs-mlt-esports-omen-challengers-league-2024-south-asia-split-1-w4
324727,8030,MLT Esports,324710,https://www.vlr.gg/324710/mlt-esports-vs-grayfox-esports-omen-challengers-league-2024-south-asia-split-1-w2
324727,8030,MLT Esports,324704,https://www.vlr.gg/324704/carnival-gaming-vs-mlt-esports-omen-challengers-league-2024-south-asia-split-1-w1
324727,8030,MLT Esports,324702,https://www.vlr.gg/324702/mlt-esports-vs-medal-esports-omen-challengers-league-2024-south-asia-split-1-w1
324727,8030,MLT Esports,297058,https://www.vlr.gg/297058/mlt-esports-vs-revenant-esports-omen-challengers-league-2024-south-asia-split-1-w3
324727,8030,MLT Esports,297054,https://www.vlr.gg/297054/mlt-esports-vs-carnival-gaming-omen-challengers-league-2024-south-asia-split-1-w3
324727,8369,Revenant Esports,324722,https://www.vlr.gg/324722/orangutan-vs-revenant-esports-omen-challengers-league-2024-south-asia-split-1-w4
324727,8369,Revenant Esports,324718,https://www.vlr.gg/324718/revenant-esports-vs-grayfox-esports-omen-challengers-league-2024-south-asia-split-1-w3
324727,8369,Revenant Esports,324717,https://www.vlr.gg/324717/revenant-esports-vs-medal-esports-omen-challengers-league-2024-south-asia-split-1-w3
324727,8369,Revenant Esports,324711,https://www.vlr.gg/324711/revenant-esports-vs-reckoning-esports-omen-challengers-league-2024-south-asia-split-1-w2
324727,8369,Revenant Esports,324703,https://www.vlr.gg/324703/revenant-esports-vs-true-rippers-omen-challengers-league-2024-south-asia-split-1-w1
324727,8369,Revenant Esports,324701,https://www.vlr.gg/324701/carnival-gaming-vs-revenant-esports-omen-challengers-league-2024-south-asia-split-1-w1
324727,8369,Revenant Esports,314545,https://www.vlr.gg/314545/revenant-esports-vs-true-rippers-omen-challengers-league-2024-south-asia-split-1-lbf
318936,397,BBL Esports,318933,https://www.vlr.gg/318933/bbl-esports-vs-natus-vincere-champions-tour-2024-emea-stage-1-w4
318936,397,BBL Esports,318926,https://www.vlr.gg/318926/bbl-esports-vs-team-heretics-champions-tour-2024-emea-stage-1-w3
318936,397,BBL Esports,318921,https://www.vlr.gg/318921/bbl-esports-vs-koi-champions-tour-2024-emea-stage-1-w2
318936,397,BBL Esports,318917,https://www.vlr.gg/318917/bbl-esports-vs-gentle-mates-champions-tour-2024-emea-stage-1-w1
318936,397,BBL Esports,297409,https://www.vlr.gg/297409/bbl-esports-vs-koi-champions-tour-2024-emea-kickoff-elim-b
318936,397,BBL Esports,297406,https://www.vlr.gg/297406/natus-vincere-vs-bbl-esports-champions-tour-2024-emea-kickoff-opening-b
318936,397,BBL Esports,294165,https://www.vlr.gg/294165/team-falcons-vs-bbl-esports-superdome-2023-egypt-main-event-gf
318936,14419,GIANTX,318934,https://www.vlr.gg/318934/team-vitality-vs-giantx-champions-tour-2024-emea-stage-1-w4
318936,14419,GIANTX,318928,https://www.vlr.gg/318928/team-liquid-vs-giantx-champions-tour-2024-emea-stage-1-w3
318936,14419,GIANTX,318922,https://www.vlr.gg/318922/fnatic-vs-giantx-champions-tour-2024-emea-stage-1-w2
318936,14419,GIANTX,318911,https://www.vlr.gg/318911/karmine-corp-vs-giantx-champions-tour-2024-emea-stage-1-w1
318936,14419,GIANTX,297404,https://www.vlr.gg/297404/fut-esports-vs-giantx-champions-tour-2024-emea-kickoff-elim-a
318936,14419,GIANTX,297402,https://www.vlr.gg/297402/giantx-vs-karmine-corp-champions-tour-2024-emea-kickoff-opening-a
318936,14419,GIANTX,282839,https://www.vlr.gg/282839/giants-gaming-vs-ucam-tokiers-crossfire-cup-2023-finals-gf
318937,8877,Karmine Corp,318935,https://www.vlr.gg/318935/karmine-corp-vs-koi-champions-tour-2024-emea-stage-1-w4
318937,8877,Karmine Corp,318925,https://www.vlr.gg/318925/karmine-corp-vs-natus-vincere-champions-tour-2024-emea-stage-1-w3
318937,8877,Karmine Corp,318923,https://www.vlr.gg/318923/karmine-corp-vs-gentle-mates-champions-tour-2024-emea-stage-1-w2
318937,8877,Karmine Corp,318918,https://www.vlr.gg/318918/karmine-corp-vs-fut-esports-champions-tour-2024-emea-stage-1-w2
318937,8877,Karmine Corp,318911,https://www.vlr.gg/318911/karmine-corp-vs-giantx-champions-tour-2024-emea-stage-1-w1
318937,8877,Karmine Corp,312802,https://www.vlr.gg/312802/karmine-corp-vs-paper-rex-champions-tour-2024-masters-madrid-swiss-stage-r3
318937,8877,Karmine Corp,312798,https://www.vlr.gg/312798/sentinels-vs-karmine-corp-champions-tour-2024-masters-madrid-swiss-stage-r2
318937,1001,Team Heretics,318930,https://www.vlr.gg/318930/team-liquid-vs-team-heretics-champions-tour-2024-emea-stage-1-w4
318937,1001,Team Heretics,318926,https://www.vlr.gg/318926/bbl-esports-vs-team-heretics-champions-tour-2024-emea-stage-1-w3
318937,1001,Team Heretics,318919,https://www.vlr.gg/318919/team-vitality-vs-team-heretics-champions-tour-2024-emea-stage-1-w2
318937,1001,Team Heretics,318915,https://www.vlr.gg/318915/fnatic-vs-team-heretics-champions-tour-2024-emea-stage-1-w1
318937,1001,Team Heretics,312799,https://www.vlr.gg/312799/team-heretics-vs-paper-rex-champions-tour-2024-masters-madrid-swiss-stage-r2
318937,1001,Team Heretics,312768,https://www.vlr.gg/312768/sentinels-vs-team-heretics-champions-tour-2024-masters-madrid-swiss-stage-r1
318937,1001,Team Heretics,303095,https://www.vlr.gg/303095/team-heretics-vs-karmine-corp-champions-tour-2024-emea-kickoff-playoffs-gf
324728,1033,Reckoning Esports,324723,https://www.vlr.gg/324723/reckoning-esports-vs-medal-esports-omen-challengers-league-2024-south-asia-split-1-w4
324728,1033,Reckoning Esports,324720,https://www.vlr.gg/324720/carnival-gaming-vs-reckoning-esports-omen-challengers-league-2024-south-asia-split-1-w4
324728,1033,Reckoning Esports,324716,https://www.vlr.gg/324716/reckoning-esports-vs-true-rippers-omen-challengers-league-2024-south-asia-split-1-w3
324728,1033,Reckoning Esports,324711,https://www.vlr.gg/324711/revenant-esports-vs-reckoning-esports-omen-challengers-league-2024-south-asia-split-1-w2
324728,1033,Reckoning Esports,324708,https://www.vlr.gg/324708/orangutan-vs-reckoning-esports-omen-challengers-league-2024-south-asia-split-1-w2
324728,1033,Reckoning Esports,297059,https://www.vlr.gg/297059/reckoning-esports-vs-grayfox-esports-omen-challengers-league-2024-south-asia-split-1-w3
324728,1033,Reckoning Esports,297055,https://www.vlr.gg/297055/reckoning-esports-vs-medal-esports-omen-challengers-league-2024-south-asia-split-1-w3
324728,13368,Grayfox Esports,324725,https://www.vlr.gg/324725/carnival-gaming-vs-grayfox-esports-omen-challengers-league-2024-south-asia-split-1-w4
324728,13368,Grayfox Esports,324718,https://www.vlr.gg/324718/revenant-esports-vs-grayfox-esports-omen-challengers-league-2024-south-asia-split-1-w3
324728,13368,Grayfox Esports,324710,https://www.vlr.gg/324710/mlt-esports-vs-grayfox-esports-omen-challengers-league-2024-south-asia-split-1-w2
324728,13368,Grayfox Esports,324709,https://www.vlr.gg/324709/medal-esports-vs-grayfox-esports-omen-challengers-league-2024-south-asia-split-1-w2
324728,13368,Grayfox Esports,324707,https://www.vlr.gg/324707/true-rippers-vs-grayfox-esports-omen-challengers-league-2024-south-asia-split-1-w2
324728,13368,Grayfox Esports,314547,https://www.vlr.gg/314547/grayfox-esports-vs-true-rippers-omen-challengers-league-2024-south-asia-split-1-gf
324728,13368,Grayfox Esports,314542,https://www.vlr.gg/314542/revenant-esports-vs-grayfox-esports-omen-challengers-league-2024-south-asia-split-1-ubf
319789,1120,EDward Gaming,319782,https://www.vlr.gg/319782/edward-gaming-vs-titan-esports-club-champions-tour-2024-china-stage-1-w3
319789,1120,EDward Gaming,319776,https://www.vlr.gg/319776/tyloo-vs-edward-gaming-champions-tour-2024-china-stage-1-w2
319789,1120,EDward Gaming,319768,https://www.vlr.gg/319768/edward-gaming-vs-jd-gaming-champions-tour-2024-china-stage-1-w1
319789,1120,EDward Gaming,312803,https://www.vlr.gg/312803/loud-vs-edward-gaming-champions-tour-2024-masters-madrid-swiss-stage-r3
319789,1120,EDward Gaming,312797,https://www.vlr.gg/312797/edward-gaming-vs-gen-g-champions-tour-2024-masters-madrid-swiss-stage-r2
319789,1120,EDward Gaming,312767,https://www.vlr.gg/312767/edward-gaming-vs-paper-rex-champions-tour-2024-masters-madrid-swiss-stage-r1
319789,1120,EDward Gaming,298835,https://www.vlr.gg/298835/funplus-phoenix-vs-edward-gaming-champions-tour-2024-china-kickoff-gf
319789,1119,All Gamers,319779,https://www.vlr.gg/319779/bilibili-gaming-vs-all-gamers-champions-tour-2024-china-stage-1-w3
319789,1119,All Gamers,319773,https://www.vlr.gg/319773/all-gamers-vs-wolves-esports-champions-tour-2024-china-stage-1-w2
319789,1119,All Gamers,319767,https://www.vlr.gg/319767/dragon-ranger-gaming-vs-all-gamers-champions-tour-2024-china-stage-1-w1
319789,1119,All Gamers,298695,https://www.vlr.gg/298695/jd-gaming-vs-all-gamers-champions-tour-2024-china-kickoff-elim-b
319789,1119,All Gamers,298693,https://www.vlr.gg/298693/dragon-ranger-gaming-vs-all-gamers-champions-tour-2024-china-kickoff-opening-b
319789,1119,All Gamers,284230,https://www.vlr.gg/284230/all-gamers-vs-lgd-gaming-china-evolution-series-act-3-heriability-decider-d
319789,1119,All Gamers,284228,https://www.vlr.gg/284228/funplus-phoenix-vs-all-gamers-china-evolution-series-act-3-heriability-winners-d
324729,14819,Carnival Gaming,324725,https://www.vlr.gg/324725/carnival-gaming-vs-grayfox-esports-omen-challengers-league-2024-south-asia-split-1-w4
324729,14819,Carnival Gaming,324720,https://www.vlr.gg/324720/carnival-gaming-vs-reckoning-esports-omen-challengers-league-2024-south-asia-split-1-w4
324729,14819,Carnival Gaming,324706,https://www.vlr.gg/324706/carnival-gaming-vs-orangutan-omen-challengers-league-2024-south-asia-split-1-w2
324729,14819,Carnival Gaming,324704,https://www.vlr.gg/324704/carnival-gaming-vs-mlt-esports-omen-challengers-league-2024-south-asia-split-1-w1
324729,14819,Carnival Gaming,324701,https://www.vlr.gg/324701/carnival-gaming-vs-revenant-esports-omen-challengers-league-2024-south-asia-split-1-w1
324729,14819,Carnival Gaming,297054,https://www.vlr.gg/297054/mlt-esports-vs-carnival-gaming-omen-challengers-league-2024-south-asia-split-1-w3
324729,14819,Carnival Gaming,297052,https://www.vlr.gg/297052/carnival-gaming-vs-reckoning-esports-omen-challengers-league-2024-south-asia-split-1-w3
324729,8484,Medal Esports,324723,https://www.vlr.gg/324723/reckoning-esports-vs-medal-esports-omen-challengers-league-2024-south-asia-split-1-w4
324729,8484,Medal Esports,324719,https://www.vlr.gg/324719/true-rippers-vs-medal-esports-omen-challengers-league-2024-south-asia-split-1-w3
324729,8484,Medal Esports,324717,https://www.vlr.gg/324717/revenant-esports-vs-medal-esports-omen-challengers-league-2024-south-asia-split-1-w3
324729,8484,Medal Esports,324709,https://www.vlr.gg/324709/medal-esports-vs-grayfox-esports-omen-challengers-league-2024-south-asia-split-1-w2
324729,8484,Medal Esports,324702,https://www.vlr.gg/324702/mlt-esports-vs-medal-esports-omen-challengers-league-2024-south-asia-split-1-w1
324729,8484,Medal Esports,324700,https://www.vlr.gg/324700/orangutan-vs-medal-esports-omen-challengers-league-2024-south-asia-split-1-w1
324729,8484,Medal Esports,314543,https://www.vlr.gg/314543/true-rippers-vs-medal-esports-omen-challengers-league-2024-south-asia-split-1-lr1
318938,2059,Team Vitality,318934,https://www.vlr.gg/318934/team-vitality-vs-giantx-champions-tour-2024-emea-stage-1-w4
318938,2059,Team Vitality,318931,https://www.vlr.gg/318931/team-vitality-vs-gentle-mates-champions-tour-2024-emea-stage-1-w4
318938,2059,Team Vitality,318927,https://www.vlr.gg/318927/team-vitality-vs-fut-esports-champions-tour-2024-emea-stage-1-w3
318938,2059,Team Vitality,318919,https://www.vlr.gg/318919/team-vitality-vs-team-heretics-champions-tour-2024-emea-stage-1-w2
318938,2059,Team Vitality,318914,https://www.vlr.gg/318914/team-vitality-vs-natus-vincere-champions-tour-2024-emea-stage-1-w1
318938,2059,Team Vitality,307565,https://www.vlr.gg/307565/koi-vs-team-vitality-champions-tour-2024-emea-kickoff-play-in-stage-play-ins
318938,2059,Team Vitality,307567,https://www.vlr.gg/307567/karmine-corp-vs-team-vitality-champions-tour-2024-emea-kickoff-play-in-stage-play-ins
318938,7035,KOI,318935,https://www.vlr.gg/318935/karmine-corp-vs-koi-champions-tour-2024-emea-stage-1-w4
318938,7035,KOI,318929,https://www.vlr.gg/318929/fnatic-vs-koi-champions-tour-2024-emea-stage-1-w3
318938,7035,KOI,318921,https://www.vlr.gg/318921/bbl-esports-vs-koi-champions-tour-2024-emea-stage-1-w2
318938,7035,KOI,318913,https://www.vlr.gg/318913/koi-vs-team-liquid-champions-tour-2024-emea-stage-1-w1
318938,7035,KOI,307564,https://www.vlr.gg/307564/karmine-corp-vs-koi-champions-tour-2024-emea-kickoff-play-in-stage-play-ins
318938,7035,KOI,307565,https://www.vlr.gg/307565/koi-vs-team-vitality-champions-tour-2024-emea-kickoff-play-in-stage-play-ins
318938,7035,KOI,297410,https://www.vlr.gg/297410/team-liquid-vs-koi-champions-tour-2024-emea-kickoff-decider-b
318939,4915,Natus Vincere,318933,https://www.vlr.gg/318933/bbl-esports-vs-natus-vincere-champions-tour-2024-emea-stage-1-w4
318939,4915,Natus Vincere,318925,https://www.vlr.gg/318925/karmine-corp-vs-natus-vincere-champions-tour-2024-emea-stage-1-w3
318939,4915,Natus Vincere,318920,https://www.vlr.gg/318920/team-liquid-vs-natus-vincere-champions-tour-2024-emea-stage-1-w2
318939,4915,Natus Vincere,318914,https://www.vlr.gg/318914/team-vitality-vs-natus-vincere-champions-tour-2024-emea-stage-1-w1
318939,4915,Natus Vincere,303093,https://www.vlr.gg/303093/team-heretics-vs-natus-vincere-champions-tour-2024-emea-kickoff-playoffs-sf
318939,4915,Natus Vincere,297408,https://www.vlr.gg/297408/natus-vincere-vs-team-liquid-champions-tour-2024-emea-kickoff-winners-b
318939,4915,Natus Vincere,297406,https://www.vlr.gg/297406/natus-vincere-vs-bbl-esports-champions-tour-2024-emea-kickoff-opening-b
318939,2593,FNATIC,318932,https://www.vlr.gg/318932/fnatic-vs-fut-esports-champions-tour-2024-emea-stage-1-w4
318939,2593,FNATIC,318929,https://www.vlr.gg/318929/fnatic-vs-koi-champions-tour-2024-emea-stage-1-w3
318939,2593,FNATIC,318924,https://www.vlr.gg/318924/gentle-mates-vs-fnatic-champions-tour-2024-emea-stage-1-w3
318939,2593,FNATIC,318922,https://www.vlr.gg/318922/fnatic-vs-giantx-champions-tour-2024-emea-stage-1-w2
318939,2593,FNATIC,318915,https://www.vlr.gg/318915/fnatic-vs-team-heretics-champions-tour-2024-emea-stage-1-w1
318939,2593,FNATIC,303094,https://www.vlr.gg/303094/fnatic-vs-karmine-corp-champions-tour-2024-emea-kickoff-playoffs-sf
318939,2593,FNATIC,297414,https://www.vlr.gg/297414/team-vitality-vs-fnatic-champions-tour-2024-emea-kickoff-winners-c
319790,13790,Wolves Esports,319777,https://www.vlr.gg/319777/wolves-esports-vs-trace-esports-champions-tour-2024-china-stage-1-w3
319790,13790,Wolves Esports,319773,https://www.vlr.gg/319773/all-gamers-vs-wolves-esports-champions-tour-2024-china-stage-1-w2
319790,13790,Wolves Esports,319770,https://www.vlr.gg/319770/funplus-phoenix-vs-wolves-esports-champions-tour-2024-china-stage-1-w1
319790,13790,Wolves Esports,319766,https://www.vlr.gg/319766/wolves-esports-vs-titan-esports-club-champions-tour-2024-china-stage-1-w1
319790,13790,Wolves Esports,298699,https://www.vlr.gg/298699/wolves-esports-vs-bilibili-gaming-champions-tour-2024-china-kickoff-decider-c
319790,13790,Wolves Esports,298698,https://www.vlr.gg/298698/wolves-esports-vs-edward-gaming-champions-tour-2024-china-kickoff-winners-c
319790,13790,Wolves Esports,298697,https://www.vlr.gg/298697/bilibili-gaming-vs-wolves-esports-champions-tour-2024-china-kickoff-opening-c
319790,13576,JD Gaming,319780,https://www.vlr.gg/319780/dragon-ranger-gaming-vs-jd-gaming-champions-tour-2024-china-stage-1-w3
319790,13576,JD Gaming,319771,https://www.vlr.gg/319771/jd-gaming-vs-nova-esports-champions-tour-2024-china-stage-1-w2
319790,13576,JD Gaming,319768,https://www.vlr.gg/319768/edward-gaming-vs-jd-gaming-champions-tour-2024-china-stage-1-w1
319790,13576,JD Gaming,298696,https://www.vlr.gg/298696/titan-esports-club-vs-jd-gaming-champions-tour-2024-china-kickoff-decider-b
319790,13576,JD Gaming,298695,https://www.vlr.gg/298695/jd-gaming-vs-all-gamers-champions-tour-2024-china-kickoff-elim-b
319790,13576,JD Gaming,298692,https://www.vlr.gg/298692/jd-gaming-vs-titan-esports-club-champions-tour-2024-china-kickoff-opening-b
319790,13576,JD Gaming,292033,https://www.vlr.gg/292033/rare-atom-vs-dragon-ranger-gaming-champions-tour-2023-china-ascension-gf
318940,474,Team Liquid,318930,https://www.vlr.gg/318930/team-liquid-vs-team-heretics-champions-tour-2024-emea-stage-1-w4
318940,474,Team Liquid,318928,https://www.vlr.gg/318928/team-liquid-vs-giantx-champions-tour-2024-emea-stage-1-w3
318940,474,Team Liquid,318920,https://www.vlr.gg/318920/team-liquid-vs-natus-vincere-champions-tour-2024-emea-stage-1-w2
318940,474,Team Liquid,318916,https://www.vlr.gg/318916/team-liquid-vs-fut-esports-champions-tour-2024-emea-stage-1-w1
318940,474,Team Liquid,318913,https://www.vlr.gg/318913/koi-vs-team-liquid-champions-tour-2024-emea-stage-1-w1
318940,474,Team Liquid,297410,https://www.vlr.gg/297410/team-liquid-vs-koi-champions-tour-2024-emea-kickoff-decider-b
318940,474,Team Liquid,297408,https://www.vlr.gg/297408/natus-vincere-vs-team-liquid-champions-tour-2024-emea-kickoff-winners-b
318940,12694,Gentle Mates,318931,https://www.vlr.gg/318931/team-vitality-vs-gentle-mates-champions-tour-2024-emea-stage-1-w4
318940,12694,Gentle Mates,318924,https://www.vlr.gg/318924/gentle-mates-vs-fnatic-champions-tour-2024-emea-stage-1-w3
318940,12694,Gentle Mates,318923,https://www.vlr.gg/318923/karmine-corp-vs-gentle-mates-champions-tour-2024-emea-stage-1-w2
318940,12694,Gentle Mates,318917,https://www.vlr.gg/318917/bbl-esports-vs-gentle-mates-champions-tour-2024-emea-stage-1-w1
318940,12694,Gentle Mates,297416,https://www.vlr.gg/297416/team-vitality-vs-gentle-mates-champions-tour-2024-emea-kickoff-decider-c
318940,12694,Gentle Mates,297412,https://www.vlr.gg/297412/team-vitality-vs-gentle-mates-champions-tour-2024-emea-kickoff-opening-c
318940,12694,Gentle Mates,237652,https://www.vlr.gg/237652/apeks-vs-gentle-mates-champions-tour-2023-emea-ascension-gf
318941,397,BBL Esports,318933,https://www.vlr.gg/318933/bbl-esports-vs-natus-vincere-champions-tour-2024-emea-stage-1-w4
318941,397,BBL Esports,318926,https://www.vlr.gg/318926/bbl-esports-vs-team-heretics-champions-tour-2024-emea-stage-1-w3
318941,397,BBL Esports,318921,https://www.vlr.gg/318921/bbl-esports-vs-koi-champions-tour-2024-emea-stage-1-w2
318941,397,BBL Esports,318917,https://www.vlr.gg/318917/bbl-esports-vs-gentle-mates-champions-tour-2024-emea-stage-1-w1
318941,397,BBL Esports,297409,https://www.vlr.gg/297409/bbl-esports-vs-koi-champions-tour-2024-emea-kickoff-elim-b
318941,397,BBL Esports,297406,https://www.vlr.gg/297406/natus-vincere-vs-bbl-esports-champions-tour-2024-emea-kickoff-opening-b
318941,397,BBL Esports,294165,https://www.vlr.gg/294165/team-falcons-vs-bbl-esports-superdome-2023-egypt-main-event-gf
318941,1184,FUT Esports,318932,https://www.vlr.gg/318932/fnatic-vs-fut-esports-champions-tour-2024-emea-stage-1-w4
318941,1184,FUT Esports,318927,https://www.vlr.gg/318927/team-vitality-vs-fut-esports-champions-tour-2024-emea-stage-1-w3
318941,1184,FUT Esports,318918,https://www.vlr.gg/318918/karmine-corp-vs-fut-esports-champions-tour-2024-emea-stage-1-w2
318941,1184,FUT Esports,318916,https://www.vlr.gg/318916/team-liquid-vs-fut-esports-champions-tour-2024-emea-stage-1-w1
318941,1184,FUT Esports,297405,https://www.vlr.gg/297405/karmine-corp-vs-fut-esports-champions-tour-2024-emea-kickoff-decider-a
318941,1184,FUT Esports,297404,https://www.vlr.gg/297404/fut-esports-vs-giantx-champions-tour-2024-emea-kickoff-elim-a
318941,1184,FUT Esports,297401,https://www.vlr.gg/297401/fut-esports-vs-team-heretics-champions-tour-2024-emea-kickoff-opening-a
314650,2,Sentinels,314640,https://www.vlr.gg/314640/sentinels-vs-evil-geniuses-champions-tour-2024-americas-stage-1-w3
314650,2,Sentinels,314634,https://www.vlr.gg/314634/sentinels-vs-mibr-champions-tour-2024-americas-stage-1-w3
314650,2,Sentinels,314629,https://www.vlr.gg/314629/sentinels-vs-leviat-n-champions-tour-2024-americas-stage-1-w2
314650,2,Sentinels,314625,https://www.vlr.gg/314625/sentinels-vs-100-thieves-champions-tour-2024-americas-stage-1-w1
314650,2,Sentinels,312779,https://www.vlr.gg/312779/gen-g-vs-sentinels-champions-tour-2024-masters-madrid-gf
314650,2,Sentinels,312781,https://www.vlr.gg/312781/sentinels-vs-paper-rex-champions-tour-2024-masters-madrid-lbf
314650,2,Sentinels,312778,https://www.vlr.gg/312778/gen-g-vs-sentinels-champions-tour-2024-masters-madrid-ubf
314650,2406,FURIA,314638,https://www.vlr.gg/314638/g2-esports-vs-furia-champions-tour-2024-americas-stage-1-w3
314650,2406,FURIA,314631,https://www.vlr.gg/314631/nrg-esports-vs-furia-champions-tour-2024-americas-stage-1-w2
314650,2406,FURIA,314626,https://www.vlr.gg/314626/kr-esports-vs-furia-champions-tour-2024-americas-stage-1-w1
314650,2406,FURIA,295608,https://www.vlr.gg/295608/furia-vs-mibr-champions-tour-2024-americas-kickoff-elim-a
314650,2406,FURIA,295605,https://www.vlr.gg/295605/nrg-esports-vs-furia-champions-tour-2024-americas-kickoff-opening-a
314650,2406,FURIA,289452,https://www.vlr.gg/289452/global-esports-vs-furia-convergence-2023-d3
314650,2406,FURIA,289450,https://www.vlr.gg/289450/furia-vs-team-vitality-convergence-2023-d2
319791,11981,Dragon Ranger Gaming,319784,https://www.vlr.gg/319784/trace-esports-vs-dragon-ranger-gaming-champions-tour-2024-china-stage-1-w4
319791,11981,Dragon Ranger Gaming,319780,https://www.vlr.gg/319780/dragon-ranger-gaming-vs-jd-gaming-champions-tour-2024-china-stage-1-w3
319791,11981,Dragon Ranger Gaming,319775,https://www.vlr.gg/319775/dragon-ranger-gaming-vs-titan-esports-club-champions-tour-2024-china-stage-1-w2
319791,11981,Dragon Ranger Gaming,319772,https://www.vlr.gg/319772/funplus-phoenix-vs-dragon-ranger-gaming-champions-tour-2024-china-stage-1-w2
319791,11981,Dragon Ranger Gaming,319767,https://www.vlr.gg/319767/dragon-ranger-gaming-vs-all-gamers-champions-tour-2024-china-stage-1-w1
319791,11981,Dragon Ranger Gaming,298833,https://www.vlr.gg/298833/funplus-phoenix-vs-dragon-ranger-gaming-champions-tour-2024-china-kickoff-sf
319791,11981,Dragon Ranger Gaming,298694,https://www.vlr.gg/298694/titan-esports-club-vs-dragon-ranger-gaming-champions-tour-2024-china-kickoff-winners-b
319791,731,TYLOO,319781,https://www.vlr.gg/319781/tyloo-vs-nova-esports-champions-tour-2024-china-stage-1-w3
319791,731,TYLOO,319776,https://www.vlr.gg/319776/tyloo-vs-edward-gaming-champions-tour-2024-china-stage-1-w2
319791,731,TYLOO,319765,https://www.vlr.gg/319765/bilibili-gaming-vs-tyloo-champions-tour-2024-china-stage-1-w1
319791,731,TYLOO,298690,https://www.vlr.gg/298690/tyloo-vs-nova-esports-champions-tour-2024-china-kickoff-elim-a
319791,731,TYLOO,298687,https://www.vlr.gg/298687/trace-esports-vs-tyloo-champions-tour-2024-china-kickoff-opening-a
319791,731,TYLOO,283403,https://www.vlr.gg/283403/tyloo-vs-lgd-gaming-china-evolution-series-act-3-heriability-oq-h-sf
319791,731,TYLOO,279103,https://www.vlr.gg/279103/tyloo-vs-funplus-phoenix-china-evolution-series-act-2-selection-elim-b
