Player,RND,KPR,APR,FKPR,KMAX
"Zest
BLD",17,1.41,0.41,0.06,24
"EJAY
VAL",21,1.48,0.52,0.24,31
"kiss
Dead",51,1.41,0.27,0.41,28
"Vedi
BPX",24,1.25,0.42,0.08,30
riyabtw,17,0.94,1.12,0.12,16
"req
MFC",23,1.43,0.22,0.26,33
"supamen
EG",20,0.95,0.60,0.20,19
"KRX
XIA",22,1.32,0.09,0.36,29
"nataNk
M8",20,1.25,0.30,0.15,25
"bdog
TTR",36,1.19,0.31,0.36,23
"puggy
FMG",36,0.92,0.33,0.08,18
"micaela
KRÜ.B",16,1.25,0.25,0.13,20
"Techno
TRS",26,1.19,0.38,0.15,31
"Mulan
CAL.S",17,1.06,0.18,0.18,18
"alyaL
FPT",17,1.18,0.76,0.24,20
"senyorcarl
1MS",19,1.21,0.11,0.32,23
hannie,17,0.94,0.29,0.00,16
"soulcas
APK",31,1.00,0.77,0.10,16
"geeza
Grif",36,1.08,0.14,0.11,21
nex1SphiX,24,1.25,0.25,0.13,30
"zeldris
QOR",64,1.27,0.14,0.36,33
ixi,23,1.00,0.39,0.22,23
"mmonch
AKV.GC",40,1.33,0.23,0.13,28
"qRaxs
FUT",20,1.10,0.60,0.05,22
"Melser
KRÜ",21,1.05,0.29,0.05,22
"klaudia
O1O",58,0.91,0.71,0.09,22
"AvovA
APK",31,0.87,0.35,0.06,14
"peace
TWIS.O",18,1.11,1.06,0.11,20
"SemberN
AW3",36,1.03,0.28,0.11,23
BLOD,23,0.91,0.74,0.04,21
"Cryocells
100T",19,1.16,0.32,0.32,22
"stew
SFU.P",52,0.96,0.58,0.00,20
"showliana
KRÜ.B",16,0.88,0.38,0.06,14
"ZYND
ZOL",62,1.18,0.13,0.31,26
KIMB0,17,0.94,0.12,0.12,16
"Ayanami
UxMi",24,1.21,0.29,0.17,29
"atlas
Merc",20,1.20,0.30,0.10,24
"Flonson
AWAK",24,0.88,0.33,0.00,21
Kawaii2k,20,1.15,0.25,0.10,23
"Asuna
100T",19,0.74,1.21,0.00,14
"gobera
LGCY",45,1.24,0.13,0.27,30
nicky,22,0.86,0.55,0.09,19
Sadeem,23,0.96,0.26,0.04,22
"maniek
BAR",23,1.13,0.04,0.30,26
R4M,19,0.89,0.47,0.05,17
Khosoko,24,1.33,0.21,0.21,32
"kivary
OXEN",17,1.12,0.06,0.29,19
"Alexy
XIP",22,1.32,0.14,0.27,29
"Asce
THAN",20,0.85,0.55,0.00,17
"niffy
AAA",22,1.14,0.14,0.05,25
"natty
CAL.S",17,1.24,0.06,0.24,21
shiloh,20,1.20,0.10,0.10,24
"azoh
DTL",21,0.76,0.29,0.19,16
"Hotsauz
Jopa",21,1.14,0.24,0.14,24
mavenqt,23,1.00,0.09,0.35,23
"Turko
FF",41,1.15,0.15,0.27,25
"Jesse
VLNT",42,0.93,0.50,0.17,24
"bang
100T",19,1.11,0.37,0.11,21
Monokuma,23,1.00,0.26,0.22,23
"tokameite
KPI.S",55,0.93,0.40,0.09,19
plant,20,0.95,0.60,0.10,19
"FETA
AIC",20,1.10,0.25,0.30,22
"Ethan
NRG",21,1.29,0.43,0.05,27
"safiaa
GnG.W",24,1.08,0.33,0.04,26
Equa,23,0.87,0.30,0.17,20
"ScrewFace
VLYN",21,0.90,1.00,0.10,19
"Tacolilla
FSN",24,1.13,0.29,0.25,27
"lexa
TWIS.O",18,1.06,0.22,0.11,19
Arduino,39,0.92,0.38,0.08,19
"RND
TBK",55,1.05,0.22,0.29,22
"MOLSI
APK",31,0.68,0.58,0.06,13
"Poetite
Surr",18,0.83,0.56,0.17,15
"M1kE
EDGE",103,1.06,0.17,0.07,26
Noor,18,0.83,0.83,0.00,15
"Vania
G2.G",58,0.86,0.38,0.17,20
patitop,22,1.05,0.18,0.27,23
tisba,23,1.09,0.52,0.13,25
"lz
2G",36,0.94,0.44,0.14,18
"maple
Wild",23,1.17,0.22,0.22,27
"grumble
LZE",21,1.05,0.24,0.14,22
"zery
DIV",71,0.96,0.28,0.23,27
"mishu
WHO",21,1.05,0.29,0.24,22
"PatMen
ZOL",62,0.89,0.60,0.13,22
ChiaWei,78,1.01,0.41,0.06,32
"Riza
DSG",83,1.00,0.36,0.10,30
"Sacake
VLNT",42,0.88,0.33,0.14,25
"ri4d
BLX",36,0.94,0.22,0.17,20
"viness
FPT",17,1.12,0.18,0.18,19
"L4CE
FLY.R",78,0.86,0.36,0.08,19
"marteen
KC",26,1.12,0.31,0.23,29
"yay
BLD",17,0.88,0.12,0.12,15
"Paincakes
TWT",38,0.92,0.39,0.18,21
"Exequies
FA",21,0.90,0.43,0.05,19
"snw
RETA",21,0.95,0.38,0.29,20
"maripo
RIG.L",19,0.95,0.26,0.05,18
"Pa1ze
DIA",20,1.00,0.35,0.35,20
XyuS,78,1.00,0.10,0.21,23
"Akame
RC",21,1.00,0.24,0.14,21
"kiNgg
LEV",34,0.88,0.65,0.12,30
"h6tedthemost
ACE",55,0.76,0.71,0.02,20
"DubsteP
OAS",23,0.83,0.65,0.09,19
"Elab0rate
Equi",59,1.00,0.19,0.07,25
Zodiac,19,0.95,0.47,0.11,18
"zini
4Fun",40,0.85,0.43,0.03,19
"eXampL
DIV",39,0.74,0.67,0.05,16
"eeiu
100T",19,0.63,0.26,0.00,12
"Deryeon
BLD",17,0.71,0.65,0.24,12
"NoMan
EQZ",20,0.95,0.20,0.10,19
"Ching
1MS",19,0.89,0.58,0.11,17
"jawgemo
EG",20,1.05,0.35,0.15,21
"Kush
GRD",45,0.93,0.22,0.13,23
"dos9
RVNT",45,1.07,0.20,0.18,25
"LizA
VLNT",43,1.09,0.14,0.14,31
"Chloettw
4Fun",40,0.93,0.33,0.08,21
"kellyS
OAS",23,1.00,0.57,0.04,23
"ceeJay
Fish",21,0.86,0.29,0.14,18
"zander
M80",41,1.12,0.41,0.17,31
"Mayy
ZEN.GC",42,0.88,0.38,0.19,20
"welyy
RyZe",41,0.83,0.37,0.07,21
"Rainy
CBT",78,0.77,0.51,0.10,17
ANNYEON,39,0.74,0.72,0.05,17
"Ambi
VLNT",42,0.69,0.67,0.05,18
"Vera
LZE",21,0.86,0.33,0.14,18
"Shao
NAVI",39,0.79,0.36,0.08,16
"sSef
Grif",36,0.72,0.42,0.14,18
Dannyy,21,0.90,0.19,0.00,19
"dodonut
FLY.R",104,0.93,0.16,0.22,25
"dip
VZ",104,0.92,0.41,0.04,27
"Annie
O1O",58,0.98,0.19,0.28,20
"kaajak
APK",31,1.03,0.10,0.32,16
"aspas
LEV",34,1.03,0.24,0.15,35
"K1LLERS
FPT",17,0.71,0.47,0.00,12
"ZENZKI
BFG",20,1.10,0.35,0.25,22
"Ruxic
FF",41,0.88,0.24,0.07,23
"devilasxa
GMX.L",55,0.71,0.71,0.16,14
"austifrosti
TAMU",30,1.10,0.20,0.33,33
"Sushiboys
FS",46,0.85,0.22,0.09,23
"Reverie
KZ",22,0.91,0.23,0.05,20
kikowo,17,0.59,1.12,0.06,10
"murizzz
RETA",21,0.86,0.29,0.05,18
"PinOcchiOs
SPE",22,0.91,0.64,0.23,20
"mandu
KZ.T",19,1.11,0.16,0.42,21
"archiw0w
ONLI",23,0.83,0.48,0.13,19
"romily
KRÜ.B",16,0.81,0.00,0.00,13
"YaBoiLewis
FKS",23,0.74,0.96,0.00,17
Globe,21,0.90,0.62,0.05,19
"sibeastw0w
NASR",68,0.96,0.28,0.19,23
"nAvarro
BM",74,0.84,0.35,0.15,25
"stunna
VZ",20,1.00,0.15,0.15,20
"spike
2G",36,0.64,0.72,0.03,12
"ANGE1
NAVI",39,0.82,0.46,0.05,17
"wedid
TTR",36,0.81,0.50,0.11,18
kodeth,23,1.09,0.13,0.30,25
"Dragon
JJH",91,0.78,0.58,0.15,22
"Liz
6K.Fem",22,1.05,0.14,0.14,23
"Derrek
EG",20,0.75,0.50,0.05,15
"Ktori
NOMA",24,1.04,0.17,0.17,25
"kaho
SFU.P",52,0.79,0.50,0.12,15
"Reduxx
OXG",36,1.14,0.11,0.25,27
"seven
TSM",22,0.73,0.91,0.09,16
"chase
OLP",66,0.98,0.21,0.11,23
"alexis
SR",39,0.85,0.33,0.13,18
"Scarlett
GMX.L",101,1.02,0.13,0.27,28
"delas
ONS",24,1.04,0.13,0.21,25
"NGen
DK",26,0.73,0.50,0.19,19
Erase,19,0.95,0.37,0.11,18
"florescent
SR",39,0.97,0.21,0.08,20
"phi
xyz",103,0.82,0.48,0.07,21
"MAGiK
JL",86,0.81,0.35,0.07,22
"SUYGETSU
NAVI",39,0.77,0.33,0.05,19
"DVDOV
3E",45,0.98,0.16,0.07,29
"Shyy
KRÜ",21,0.95,0.29,0.05,20
"IKANA
GZL",51,0.80,0.24,0.04,18
"cortezia
RED",116,0.79,0.51,0.05,22
"dzii
LESS",21,1.14,0.33,0.10,24
"Ragnarok
Exal",20,0.75,0.45,0.10,15
"meL
SR",39,0.90,0.51,0.10,19
"brk
SAW",70,0.90,0.21,0.23,22
"Brinks
WTR",55,0.69,0.53,0.13,15
Zhannn,22,0.86,0.59,0.05,19
Neu,24,0.96,0.25,0.04,23
devy,20,0.95,0.15,0.20,19
"Rossy
T1",42,0.79,0.62,0.12,20
"songry
xyz",103,0.74,0.65,0.08,16
Ache,22,1.00,0.27,0.23,22
"enerii
XIP",22,1.00,0.18,0.27,22
"hype
APK",31,0.90,0.10,0.16,16
"Enzo
TL",42,0.88,0.48,0.10,20
Alucard,103,0.74,0.44,0.10,19
"Wild0reoo
PHI",23,0.91,0.35,0.17,21
"Bunny
F4Q",24,0.96,0.17,0.08,23
"roompa
VLYN",41,0.93,0.24,0.10,22
"majusia
INC.GC",41,1.02,0.17,0.29,24
"Meiy
DFM",40,1.10,0.13,0.15,29
"ExiT
Twis",162,0.95,0.22,0.20,33
"Prti
DIA",20,0.70,0.65,0.00,14
demek,26,1.00,0.15,0.27,26
"ZK
MU",26,0.62,0.65,0.04,16
"jotinha
OXEN",17,0.76,0.94,0.00,13
"Cain
Torc",52,0.77,0.54,0.15,15
"JohnOlsen
FS",46,0.89,0.37,0.26,21
"Wavy
SRP",46,0.76,0.70,0.11,20
"6sonya
O1O",58,0.79,0.38,0.17,21
"parker
LR",20,1.10,0.45,0.00,22
"NeFi
PRZ",26,0.88,0.42,0.12,23
"Haneul
RIG.L",19,0.79,0.32,0.37,15
"adelano
UG",69,0.71,0.33,0.09,18
"Bobbert
SEN",24,0.79,0.25,0.00,19
"conir
KRÜ.B",16,0.63,0.63,0.06,10
"gloom
EZKI",51,0.80,0.55,0.08,18
"Zyppan
NAVI",39,0.85,0.59,0.13,17
"deNaro
RED",55,0.58,0.47,0.04,13
"Wailers
M8",20,0.65,0.45,0.05,13
"SkRossi
RVNT",45,0.82,0.29,0.13,25
"Patix
UOL",24,0.83,0.67,0.08,20
"PIETY
NYX",20,0.75,0.75,0.00,15
"Ignite
CCG",20,0.95,0.30,0.10,19
"Pkm
NS",42,1.07,0.05,0.33,27
"Cherzinga
SYNC",17,0.82,0.18,0.12,14
"robz
AMZ",24,0.79,0.17,0.08,19
"zekken
SEN",80,1.01,0.16,0.26,25
"d3ffo
VLNT",42,0.79,0.17,0.24,20
"KPZET
BAR",23,0.78,0.48,0.04,18
"bes
DRX.C",22,0.77,0.45,0.09,17
"Grmekista
DIA",20,0.55,0.45,0.05,11
"yoman
NS",42,0.83,0.17,0.02,18
"prince
TBK",55,0.85,0.11,0.09,20
"Jini
HEIZ",69,0.84,0.19,0.04,20
"Jinboong
SG",66,0.95,0.09,0.12,23
"cavern
MOBAP",26,0.77,0.27,0.08,20
"misu
DSG",90,0.79,0.33,0.08,22
ACE,20,1.05,0.25,0.15,21
"HANN
SRP",46,0.89,0.22,0.15,24
"Rebo
ROSE",23,0.96,0.52,0.13,22
"drea
INF",24,0.96,0.08,0.17,23
"Mot1on
CTLS",65,0.77,0.28,0.05,19
"cNed
FUT",20,0.75,0.20,0.20,15
"Excali
MDL",66,0.97,0.11,0.26,25
"Ivy
AKV.GC",40,0.78,0.50,0.13,16
"alexiiik
GN",26,1.08,0.19,0.35,28
"Yuta
CG",24,0.92,0.17,0.08,22
"Docent
KAST",23,0.91,0.52,0.17,21
"toozy
VZ",85,0.80,0.31,0.08,19
"NeskaaS
VMS",42,0.69,0.26,0.17,15
"samed
DIV",39,0.92,0.05,0.18,18
"LeVi
MLT",69,0.78,0.43,0.12,25
Pinky D,22,1.05,0.05,0.27,23
AbruX,22,0.68,0.64,0.00,15
"Kevzii
ZOL",62,0.71,0.71,0.03,16
"Darker
FSN",24,0.58,0.54,0.04,14
"Morgan
BSCT",42,0.88,0.38,0.05,19
"Kakarot
ZOL",62,0.79,0.29,0.13,21
"August
HOG",40,0.85,0.15,0.08,19
"skuba
OXG",36,0.78,0.42,0.08,16
"SeliG
DK",26,0.92,0.31,0.19,24
alexziN,21,0.81,0.71,0.24,17
"Ssun
MARU",39,0.90,0.13,0.28,21
lg1c,103,0.83,0.25,0.22,24
"Cunha20
SAW",70,0.93,0.34,0.07,23
"JustnatioNN
UNT",43,0.81,0.53,0.16,18
"oli
RN",36,0.94,0.17,0.06,18
seyq,30,0.83,0.53,0.10,25
"Pyro
MIND",60,0.92,0.17,0.13,28
"richzin
LGCY",45,0.60,0.40,0.00,14
"7ssk7
NASR",68,0.68,0.56,0.06,18
"Aeonyx
GLAB",20,0.85,0.05,0.05,17
"Cem
GHR",103,0.83,0.32,0.09,24
franc,22,0.68,0.77,0.05,15
"rubkkoide
9z",121,0.79,0.32,0.12,19
"snowkey
BFG",20,0.80,0.40,0.10,16
"Sinaway
AIC",20,0.80,0.50,0.10,16
"jduh
O1O",58,0.76,0.48,0.05,19
"Suka
RLF",58,0.78,0.45,0.12,22
"onni
CYG",43,1.00,0.35,0.09,22
"pr0xy
MARU",39,0.77,0.21,0.08,18
okkokk,22,1.05,0.41,0.18,23
"VTaguT
ELV",52,0.83,0.33,0.06,27
"Xross
NS",42,0.69,0.29,0.05,15
"Kyu
Grif",36,1.03,0.11,0.17,20
"w0zzip
FF",41,0.68,0.51,0.05,20
"MrFaliN
FUT",20,1.00,0.35,0.10,20
Cheddy,22,0.68,0.41,0.09,15
"exile
ASTA",19,1.00,0.00,0.05,19
"sScary
BLD",17,0.53,0.71,0.12,9
"Danda
DEMU",26,0.81,0.31,0.04,21
"heat
KRÜ",21,0.86,0.29,0.10,18
"beyAz
M8",20,0.65,0.40,0.05,13
"raymen
AZN",51,0.67,0.14,0.04,15
"azys
MLT",69,0.91,0.17,0.20,26
ex0tic,23,0.70,0.35,0.13,16
"madison
Irre",74,0.77,0.42,0.09,22
arcaea,74,0.85,0.53,0.07,30
"Shazeon
DIV",39,0.64,0.10,0.13,16
"krejzzs
INCO",21,1.00,0.10,0.14,21
"mimi
G2.G",58,0.69,0.43,0.10,19
MOCKING,44,0.70,0.41,0.05,18
"tconda
UC.Fem",18,1.00,0.00,0.17,18
"JuW
AKV.GC",40,1.03,0.13,0.18,25
"LilBOii
Deat",17,1.06,0.12,0.18,18
"corey
TTR",51,0.80,0.37,0.04,19
"Apoth
EG",20,0.80,0.35,0.05,16
"signed
JJH",91,0.76,0.37,0.08,19
"Babytz
FSS",45,0.91,0.31,0.11,21
"bênjiro
buch",34,1.00,0.26,0.06,18
"NcSlasher
BME",65,0.82,0.54,0.12,21
"NowaXxZang
CG",24,0.92,0.46,0.04,22
"vAgue
UNT",43,0.98,0.12,0.23,21
"rurlz
KZ",24,0.83,0.08,0.21,20
"Cloud
GX",24,0.96,0.17,0.13,23
"YOME
DRX.C",22,0.82,0.23,0.14,18
mzr,23,1.13,0.04,0.17,26
"fraggleton
BZK",23,0.91,0.78,0.04,21
"Kohaibi
SMG.GC",45,0.80,0.47,0.04,23
"madv
FLCV",66,0.73,0.52,0.03,19
"shina
NYX",20,0.85,0.35,0.20,17
"Mephisto
6K",74,0.84,0.15,0.18,26
"S1ay3rr
SFU",52,0.90,0.15,0.31,17
"Kiuuuu
LGD",74,0.78,0.39,0.04,25
"erde
FG",111,0.73,0.38,0.11,20
"Seraph
OXEN",17,0.76,0.24,0.00,13
"Jaf
CLS",36,0.69,0.47,0.11,15
"Sayaplayer
T1",42,0.88,0.19,0.24,19
"NagZ
RETA",21,0.76,0.10,0.05,16
"Addicted
SAW",70,0.67,0.27,0.04,21
"kumi
ZMM.B",48,1.00,0.13,0.25,27
"cbui
SNG",33,0.79,0.61,0.09,18
galaxy,23,0.74,0.57,0.00,17
"none
9z.GC",22,0.86,0.09,0.18,19
PeterBarker,24,0.92,0.42,0.08,22
"Victor
NRG",21,0.76,0.10,0.10,16
"Feeqn
OF",22,0.82,0.18,0.18,18
"Munchkin
GEN",108,0.73,0.45,0.05,21
"Sayf
VIT",20,0.70,0.40,0.10,14
"muto
RC",21,0.81,0.43,0.10,17
"Instxnct
Grif",36,0.67,0.44,0.14,15
"wippie
C9",24,0.92,0.08,0.08,22
"unstable
DSG",59,0.90,0.27,0.22,20
"noumit
KOPF",69,0.75,0.23,0.07,24
"t3xture
GEN",108,0.84,0.17,0.21,23
"c4Lypso
VLYN",41,0.90,0.39,0.12,23
"elysian
NB",21,0.81,0.29,0.05,17
"Rykinn
JimB",20,0.75,0.35,0.10,15
starrz,24,0.58,0.92,0.04,14
hi hey hello,18,0.94,0.11,0.00,17
"kamyk
JL",86,0.74,0.60,0.05,23
"Cloy
ONS",24,0.79,0.38,0.08,19
"gaabxx
RED",116,0.72,0.28,0.05,21
"BuZz
DRX",22,1.00,0.05,0.32,22
"Karon
GEN",108,0.69,0.46,0.14,20
"noze
Meat",21,0.81,0.14,0.05,17
"cjsakura
Erit",23,0.70,0.48,0.04,16
"haint
OPY",85,0.79,0.31,0.05,20
"Kohliii
GRY",46,0.76,0.63,0.11,19
"Japips
OGX",20,0.70,0.25,0.05,14
"starkk
NOVO",67,0.69,0.33,0.04,17
"ZachKappa
CHCH",88,0.78,0.27,0.11,20
"tdawgg
QOR",64,0.78,0.41,0.08,19
"VYX
FCN",62,0.81,0.52,0.08,22
Jade,39,0.77,0.62,0.15,19
"Linus
DIV",39,0.77,0.36,0.18,17
"Sacy
SEN",80,0.66,0.39,0.06,14
"Sp1ke
CG",24,0.88,0.08,0.21,21
"McKinley
AIC",20,0.65,0.25,0.10,13
"Matrixx
FKS",23,0.48,0.65,0.04,11
"Menna
FSX",22,0.86,0.32,0.05,19
"Sworns
TR",18,0.83,0.06,0.11,15
"4Gruch
INCO",26,0.65,0.54,0.08,17
"PowerPixele
PP",33,0.76,0.55,0.03,13
"westside
DIA",20,0.90,0.15,0.10,18
"Shiro
BME",65,0.77,0.43,0.09,20
LINDEN,21,0.90,0.24,0.05,19
"something
PRX",69,0.72,0.22,0.19,22
"Exirst
EDGE",103,0.78,0.23,0.11,19
"Avez
NASR",68,0.75,0.38,0.07,23
"BerserX
BME",65,0.80,0.14,0.09,25
"BRIAN
RC",21,0.71,0.29,0.10,15
"astr0
1MS",19,0.58,0.58,0.00,11
"ting2k5
FPT",17,0.65,0.06,0.06,11
GodsB,46,0.65,0.33,0.11,19
"POISED
TSM",22,1.05,0.23,0.18,23
Gwangboong,66,0.79,0.21,0.23,19
"rkz
CE",23,0.78,0.52,0.04,18
"FrizzNatsz
CLWN",19,0.95,0.05,0.16,18
"SPMAK
DIV",39,0.56,0.36,0.08,11
"Cebando
AK",116,0.69,0.47,0.09,20
"Laz
ZETA",48,0.75,0.08,0.06,20
"f0rsakeN
PRX",69,0.75,0.41,0.12,22
"Vow
SRP",46,0.67,0.37,0.09,17
"antonio
Sila",52,0.79,0.44,0.04,24
techuu,44,0.84,0.36,0.05,21
"Boostio
100T",19,0.68,0.42,0.16,13
"joa1zin
CEC",22,0.73,0.41,0.14,16
"Austeeno
Bamb",22,0.64,0.73,0.05,14
"pryze
2G",36,0.61,0.50,0.06,13
"xann
SNG",90,0.93,0.19,0.26,28
"Neon
FG",111,0.78,0.13,0.24,22
"RizoN
UG",161,0.71,0.54,0.08,23
"zenox
DTL",21,1.00,0.14,0.19,21
"d0rf
FPT",17,0.76,0.41,0.06,13
"fainz
RAAD",50,0.94,0.06,0.16,28
"Shalz
HGE",22,0.95,0.32,0.09,21
"mandy
mand",46,1.02,0.07,0.15,32
"XXiF
QOR",64,0.67,0.27,0.05,16
snarly,64,0.64,0.59,0.08,17
"alannn
NOVO",67,0.82,0.22,0.04,26
Mihlog,58,0.71,0.55,0.07,17
"Kuro
UNT",43,0.77,0.26,0.14,19
"Luc1d
UOL",24,0.83,0.04,0.21,20
"GangPin
RC",21,0.71,0.43,0.10,15
"Eso177
OXR",66,0.97,0.20,0.11,24
"silenttt
ELV",52,0.73,0.23,0.06,19
"DaFt
VIC",58,0.79,0.22,0.14,20
"W1nner
GFN",78,0.72,0.26,0.08,22
"Zanatsu
RED",116,0.88,0.13,0.31,26
"Braso
OP",24,0.79,0.29,0.21,19
"rezy
UG",138,0.72,0.28,0.07,23
"trexx
VIT",20,0.75,0.50,0.10,15
"gio
FG",111,0.74,0.20,0.08,21
"al0rante
FKS",23,0.70,0.09,0.00,16
"smiley
VLYN",56,0.61,0.59,0.00,14
"shiio
NXT",20,0.70,0.30,0.10,14
"lenne
TLN",21,0.71,0.24,0.10,15
"TenZ
SEN",80,0.84,0.40,0.11,19
"karam1l
RGES",21,0.90,0.19,0.19,19
Clewy,28,0.86,0.07,0.11,24
"adverso
AK",116,0.83,0.30,0.14,20
tbloy,20,1.05,0.15,0.45,21
"binjo
KZ",24,0.88,0.17,0.04,21
"soren
Colo",61,0.89,0.11,0.16,19
"Vorwenn
BAR",23,0.78,0.22,0.13,18
"n9sty
AIM",65,1.02,0.09,0.26,24
"KROSTALY
EF",23,0.70,0.61,0.09,16
"Natalcia
INC.GC",41,0.76,0.10,0.07,17
"jas0n
RyZe",60,0.73,0.17,0.18,16
teeson,23,0.87,0.39,0.17,20
"BeYN
DRX",22,0.77,0.23,0.00,17
Brisk,20,0.65,0.75,0.10,13
"chloric
LV",19,0.63,0.37,0.11,12
"delz1k
RETA",21,0.76,0.33,0.14,16
"Hals
RC",21,0.57,0.48,0.00,12
"Nabber
TAMU",30,0.77,0.80,0.00,23
"k4nzo
FUZO",20,0.90,0.20,0.05,18
"fluxxy
O1O",58,0.67,0.28,0.02,15
"suther
RETA",21,0.52,0.86,0.05,11
Forcee,17,0.76,0.71,0.06,13
yuchan,20,0.95,0.30,0.20,19
"Black
OPY",85,0.71,0.38,0.06,17
"Iczy
INC.GC",41,0.61,0.78,0.05,15
"MKII
EDGE",103,0.80,0.29,0.21,22
"kasper
3E",45,0.69,0.44,0.11,18
Bocah,19,0.74,0.58,0.00,14
"jurca
NXT",20,0.95,0.25,0.00,19
"Bobovo
IluZ",24,0.83,0.63,0.00,20
"ShawateRR
UG",115,0.68,0.46,0.07,22
"PTC
FS",46,0.74,0.46,0.07,21
"phequa
The",79,0.81,0.16,0.15,23
"JaebiN
SLT",37,0.89,0.27,0.19,19
"dods
KRÜ.B",16,0.94,0.44,0.19,15
"v1nny
RED",116,0.71,0.52,0.07,20
"esmonde
KZ",17,0.71,0.59,0.00,12
"k1zpawn
SAW",70,0.71,0.26,0.10,19
"Blessed
FOC",88,0.64,0.50,0.06,17
"Okeanos
BC",70,1.00,0.14,0.29,28
"Mabuchi
UG",161,0.86,0.13,0.14,23
"Miku
FSX",45,1.00,0.11,0.27,30
"Palla
puGG",86,0.93,0.14,0.27,30
"Russ
GE",21,0.81,0.43,0.19,17
"zolters
ONLI",23,0.70,0.26,0.17,16
azaziN,24,0.75,0.08,0.25,18
"RetrQ
Burg",78,0.73,0.32,0.08,25
"babzzz
ZIK",22,0.86,0.00,0.09,19
"39Jia
AUR",20,0.75,0.35,0.10,15
"DelBisky
NYX",20,1.00,0.25,0.30,20
"prozin
TBK",55,0.71,0.56,0.13,20
"stellar
TTR",36,0.58,0.33,0.00,13
"OXY
C9",53,0.98,0.15,0.23,35
"BLOOM
Psyc",16,0.94,0.38,0.06,15
"Papi
NBG",24,0.58,0.67,0.17,14
"freeing
DK",26,0.81,0.19,0.08,21
"sarah
GX.GC",51,0.76,0.67,0.00,16
Troizyxgod,76,0.72,0.26,0.11,19
"sabooboo
KS",35,0.80,0.43,0.03,18
"david
9z",121,0.69,0.40,0.06,24
"Zap
2G",36,0.78,0.14,0.11,18
"Derialy
FL",52,0.77,0.08,0.06,21
"Dantedeu5
AK",116,0.79,0.16,0.14,17
"ness
GX.GC",51,0.73,0.35,0.14,19
"Javelin
LGE",52,0.85,0.12,0.12,24
Banh Bao,26,0.88,0.15,0.08,23
"YuRinChi
TSG",24,0.54,0.58,0.08,13
"sonder
FLY.R",98,0.65,0.80,0.08,17
"Polvi
GE",21,0.76,0.10,0.14,16
YanLi,78,0.53,0.63,0.08,17
"onenineteen
MGLZ",20,0.85,0.50,0.10,17
"clutchyy
Mc",58,0.83,0.38,0.14,27
tensai,23,0.61,0.52,0.09,14
"rDeeW
JJH",91,0.78,0.20,0.11,26
"xenon
NASR",68,0.69,0.37,0.03,21
"Yassien
RAAD",50,0.74,0.36,0.22,20
"taka
SGZ",44,0.70,0.34,0.09,17
"Ivory
RH",40,0.65,0.13,0.10,13
"biubiu
SZE",43,0.74,0.23,0.07,16
"zeek
CVU.NBG",82,0.66,0.44,0.06,20
"vina
JFT",51,0.59,0.59,0.08,15
"mikeE
BC",93,0.77,0.28,0.04,21
citrus,19,0.84,0.42,0.05,16
"dth
KAMI",44,0.70,0.23,0.07,20
"GON
FL",52,0.63,0.46,0.08,23
"Jazzy
LEV.GC",21,0.90,0.19,0.05,19
"ValdyN
AE",45,0.53,0.76,0.07,17
"Mykoz
FB",74,0.78,0.42,0.11,23
"StarBound
FLY.R",78,0.69,0.17,0.06,18
"JpL
SGZ",22,0.55,0.68,0.14,12
"Jlerst
GAL",72,0.81,0.26,0.07,21
"PROFEK
GN",26,0.69,0.38,0.04,18
"ban
TLN",21,0.86,0.14,0.14,18
"GuhRVN
HERO",42,0.79,0.24,0.07,18
"drakoNz
LGCY",45,0.62,0.29,0.04,14
"Br1ckzl
VIS",126,0.79,0.42,0.09,26
"Happen
PMT",20,0.75,0.15,0.00,15
"Acetics
SPE",22,0.50,0.36,0.05,11
"DREAM
CG.GC",20,0.75,0.65,0.00,15
"Carpe
T1",42,0.62,0.40,0.07,14
"Toki
FLCV",66,0.77,0.18,0.21,21
"tripsy
IGW",46,0.83,0.17,0.17,23
"shirazi
XIP",22,0.64,0.36,0.05,14
"Lateu
fuVi",18,0.83,0.11,0.11,15
"vizsla
FOC",88,0.73,0.28,0.10,21
"Jesmu
OF",22,0.64,0.55,0.14,14
"Xdll
FL",52,0.77,0.29,0.08,23
"BiggieCheese
AIC",20,0.50,0.75,0.10,10
"Near
UNT",43,0.74,0.16,0.07,16
972,24,0.63,0.38,0.04,15
"4Tapping
BPC",20,0.75,0.30,0.00,15
"Luj
FLCV",66,0.76,0.26,0.08,20
"Boni
Burg",54,0.67,0.56,0.06,18
volk,21,0.71,0.24,0.05,15
"Minimise
JJH",91,0.76,0.56,0.08,19
"tuyz
LOUD",63,0.71,0.29,0.05,20
"Dep
ZETA",48,0.81,0.10,0.17,29
"bee
CTRL",39,0.87,0.15,0.05,21
"bzt
CG",88,0.66,0.42,0.06,15
"Kira
SLT",37,0.89,0.08,0.05,25
lovers rock,88,0.81,0.15,0.15,24
"Zellsis
SEN",80,0.58,0.61,0.08,17
"Yashi
Huge",21,0.76,0.14,0.19,16
"deigara
9z",121,0.75,0.36,0.13,21
"Kongi
NXT",71,0.69,0.20,0.06,24
"Blittz
OPY",22,0.68,0.27,0.18,15
"Nami
NSR.I",24,0.58,0.50,0.08,14
sheween,16,0.63,0.25,0.06,10
"acrian
VLYN",41,0.71,0.32,0.07,20
"Aryu
TRS",26,0.69,0.38,0.04,18
"rAb1q
STPL",87,0.82,0.34,0.08,24
"LEW
JJH",91,0.78,0.13,0.11,22
"Nelo
KC.GC",86,0.70,0.26,0.15,19
"Jamppi
TL",42,0.79,0.24,0.07,22
"Juicy
DSG",83,0.82,0.18,0.20,24
"askoo
Colo",61,0.64,0.49,0.05,16
mogging,24,0.67,0.29,0.08,16
"Sevkaan
Irre",74,0.77,0.16,0.09,22
"kAzoo
Twis",162,0.75,0.33,0.09,24
"Adenina
9z.GC",22,0.73,0.32,0.05,16
"ShadoW
KOI",20,0.75,0.35,0.05,15
"sheydos
KOI",20,0.85,0.05,0.10,17
aneXcks,17,1.12,0.12,0.35,19
sereen,18,0.78,0.61,0.06,14
"rise
WPT",90,0.70,0.50,0.10,22
"Spexleon
TOG",42,0.88,0.38,0.05,23
"tinchoff
AK",116,0.75,0.20,0.06,21
"coconut
OF",74,0.80,0.18,0.11,20
"quens1on
RC",44,0.73,0.27,0.11,19
FaNbF4,39,0.85,0.36,0.18,22
Unique,22,0.77,0.09,0.05,17
"alvar
GMX",81,0.83,0.17,0.07,21
"MaiShiu
FOC",88,0.68,0.39,0.10,18
"musashi
ACE",42,0.71,0.62,0.10,22
"punda
ANTC",23,0.83,0.09,0.17,19
"zeek
GN",26,0.69,0.65,0.00,18
"NSD
ORG",24,0.96,0.08,0.21,23
"Zoestol
SAD",83,0.63,0.46,0.08,16
"Neli
FKS.S",17,0.71,0.41,0.06,12
"Pitou
Exal",20,0.90,0.35,0.25,18
Dae,22,0.59,0.36,0.09,13
"Cohburg
SAD",83,0.71,0.23,0.17,23
"SEIDER
FKS",23,0.61,0.30,0.04,14
gabo,23,0.74,0.09,0.04,17
COCOYEAHNAH,44,0.75,0.48,0.02,18
"Cade3k
TS",17,0.94,0.29,0.12,16
"Alexx
A1",21,0.76,0.57,0.10,16
"Kess
UT",15,1.07,0.20,0.07,16
"Akira
IGW",46,0.74,0.39,0.04,19
"Enjoy
IU",28,0.93,0.11,0.14,26
"speedowka
KC.GC",86,0.74,0.50,0.09,26
"Z3RO
OP",24,0.79,0.38,0.04,19
"wayne
DSG",83,0.76,0.18,0.04,18
"SummonHalfa
AXL",22,0.68,0.50,0.05,15
"Mikael
ARF",20,0.65,0.40,0.10,13
"ion2x
TOR",94,0.86,0.18,0.19,27
"Bonobo
FOC",88,0.76,0.19,0.14,21
"amy
G2.G",58,0.60,0.33,0.02,15
NOBITA,66,0.61,0.41,0.08,18
"Mythical
AE",23,0.74,0.13,0.13,17
"Daimyo
AOE",38,0.76,0.32,0.05,22
"KHaaLiD
FLC",44,0.70,0.32,0.05,17
"iZu
T1",42,0.62,0.52,0.14,15
"Calamareee
TRIDENT",24,0.71,0.42,0.04,17
"kyracujoh
ZER.M",20,0.80,0.10,0.10,16
"ACHRF
OXR",122,0.75,0.25,0.07,26
"Zuper
BFG",20,0.70,0.25,0.10,14
Shakal Daykho,22,0.73,0.55,0.00,16
lazy,24,0.79,0.13,0.21,19
"BENECIA
SLT",37,0.73,0.46,0.08,14
"STYRON
SGP",40,0.75,0.38,0.15,16
"Kakashiii
AE",23,0.65,0.39,0.09,15
"Petra
G2.G",58,0.72,0.19,0.10,15
"Tristiieee
VZ",24,0.67,0.33,0.08,16
"jonba
SZK",24,0.58,0.46,0.00,14
"Bing Chilling
TAMU",30,0.60,0.57,0.07,18
"JSP
NBG",22,0.86,0.18,0.32,19
"BREW
AO",17,0.88,0.18,0.18,15
"Fragger
SAW",70,0.69,0.69,0.09,23
"anders
IU",28,0.82,0.39,0.07,23
Strange Quark,23,0.74,0.26,0.04,17
"nate
MR",51,0.76,0.14,0.14,21
"DisisJohn
FKS",23,0.87,0.00,0.43,20
"GLYPH
MR",112,0.71,0.56,0.04,22
"ralle
CTLS",65,0.71,0.12,0.09,18
"lurzy0y0
GAL",49,0.78,0.35,0.06,20
"swag
LGCY",45,0.62,0.18,0.11,15
"AtaKaptan
FUT",20,0.55,0.85,0.10,11
"thiefy
NTH",45,0.84,0.13,0.18,24
"Unfair
UOL",24,0.88,0.21,0.21,21
"Esperanza
NTH",45,0.82,0.42,0.00,24
"RobbieBk
JL",86,0.60,0.20,0.06,16
"lenka
ZER.M",20,0.75,0.20,0.15,15
"Manggong
SRP",46,0.61,0.41,0.07,17
"Kamiyu
XIP",22,0.45,0.41,0.00,10
"SecondLove
APH",66,0.80,0.11,0.06,19
"rawfiul
MLT",69,0.61,0.49,0.03,17
magiciaN,23,0.65,0.43,0.09,15
"RiceballiNNN
Red",18,0.67,0.50,0.17,12
"Korsonix
TOR",74,0.69,0.16,0.05,23
"koalanoob
M80",41,0.88,0.12,0.12,22
"Nanners
ZMM.B",66,0.79,0.23,0.15,26
mal,23,0.70,0.09,0.04,16
"Hanuh
THE.K",40,0.83,0.43,0.18,17
"Kiddo
GMX.L",46,0.65,0.43,0.04,17
"Cakey
NYB.F",43,0.77,0.21,0.23,22
"mizu
9z",121,0.77,0.12,0.12,22
"Phobia
Real",30,0.53,0.20,0.10,16
"aLerT
XIA",32,0.66,0.44,0.03,21
"Zimo
Twis",162,0.67,0.40,0.06,22
"Crazy NY
XS",37,0.86,0.16,0.05,20
"Teague
TACO",50,0.58,0.56,0.08,15
Yugo,23,0.57,0.61,0.00,13
"123
KBLD",24,0.71,0.13,0.38,17
"Serenity
GHR",42,0.74,0.12,0.21,17
"glo
SFU.P",52,0.63,0.17,0.06,15
"Samsi
Azur",24,0.79,0.17,0.04,19
"NicoMachine
AK",116,0.58,0.62,0.07,14
"Mazuong
BOBO",83,0.78,0.17,0.14,20
"karie
SNG",90,0.73,0.18,0.06,21
"Lakia
GEN",108,0.56,0.37,0.07,16
"SugarZ3ro
ZETA",48,0.71,0.38,0.02,19
"Tura
FSX",45,0.67,0.42,0.04,16
"LETHAL
WHO",21,0.71,0.48,0.14,15
"Haimerej
AIM",86,0.73,0.27,0.02,21
"Cille
NB",21,0.71,0.43,0.05,15
"Klamran
AWAK",24,0.75,0.38,0.13,18
Answerz,22,0.82,0.27,0.18,18
"TajReX
LDS",26,0.73,0.50,0.00,19
"miyara
FT S",37,0.76,0.43,0.05,21
Biju,49,0.71,0.29,0.06,30
"silentzz
2G",36,0.97,0.06,0.14,25
"King
DRGN",61,0.74,0.41,0.02,18
"Shak0w
Colo",61,0.61,0.36,0.03,16
"dapr
SEN",36,0.64,0.22,0.06,14
"gotten
AE",45,0.67,0.42,0.09,18
"Owen q t
GLAB",20,0.45,0.85,0.10,9
"pleets
OLP",66,0.62,0.30,0.11,19
"sayoo
GRY",46,0.72,0.13,0.07,20
"Meteor
GEN",108,0.79,0.17,0.06,22
"wavy
Equi",35,0.71,0.11,0.00,15
"Famouz
BME",65,0.74,0.17,0.15,17
"Aero
AWAK",24,0.54,0.38,0.13,13
"Glance
KC.GC",86,0.76,0.24,0.09,20
"clear
BOB",23,0.70,0.09,0.26,16
"lucas
MFC",87,0.72,0.28,0.08,19
"JayH
DSG",83,0.54,0.71,0.05,16
"AlexaIsHot
KS",19,0.74,0.63,0.11,14
"bones
YFP",42,0.79,0.29,0.19,17
"Evilkyk
GLRS",49,0.51,0.35,0.04,15
"empty
ONS",24,0.79,0.38,0.00,19
"INFESTOR
GK",45,0.58,0.24,0.02,14
"phaze
RAAD",50,0.58,0.58,0.08,16
"Minny
GN",26,0.62,0.04,0.00,16
"Urango
GLRS",77,0.68,0.49,0.10,26
"Seif
YG",23,0.74,0.13,0.17,17
"vibhoRR
MDL",66,0.79,0.17,0.09,22
"GianSanity
1MS",19,0.74,0.00,0.05,14
"Ksiaze
SC",34,0.82,0.06,0.18,28
"Daveeski
PMT",20,0.70,0.40,0.05,14
"exempt
RNP",53,0.47,0.77,0.04,14
"TiTaN
SZK",24,0.71,0.08,0.08,17
"MerSa
GS",23,0.52,0.83,0.04,12
"Hoax
GRY",46,0.59,0.28,0.07,19
"bryce
DSG",83,0.60,0.48,0.06,17
"Skelesis
86th",38,0.68,0.11,0.05,16
"adrnking
GRY",46,0.80,0.13,0.11,21
"sarahcat
SR",39,0.64,0.28,0.15,15
"Redgar
GX",24,0.67,0.50,0.21,16
kylo,44,0.84,0.09,0.25,25
"rezq
G2.G",58,0.72,0.22,0.17,18
"NXBLE
TAMU",30,0.63,0.23,0.13,19
"Speedy
CARA",20,0.60,0.30,0.00,12
"Reta
FLCV",24,0.63,0.46,0.25,15
"Smurfette
GX.GC",51,0.73,0.14,0.16,18
idkman,15,0.87,0.13,0.13,13
"Kaoticcc
SaD",61,0.89,0.13,0.26,24
"lukxo
GLRS",77,0.69,0.31,0.10,21
"PapaSmurf
VEXO",18,0.67,0.61,0.22,12
"ALL3Y
OPY",85,0.82,0.11,0.20,24
"SyouTa
FL",52,0.79,0.13,0.19,27
"Hate
LFG",66,0.71,0.42,0.00,21
"Leviathan
FS",46,0.70,0.50,0.02,20
"Kuripuuya
KC.GC",86,0.59,0.51,0.05,19
"Kadoom
SPE",46,0.83,0.22,0.15,21
zhen,24,0.83,0.17,0.25,20
"meryl
INC.GC",41,0.66,0.46,0.10,16
Peanut,36,0.92,0.08,0.06,24
"N A I S
GMT",67,0.66,0.13,0.07,20
"Kaha
INC.GC",41,0.56,0.37,0.10,12
"psy
MDL",21,0.71,0.48,0.05,15
"Bob
SAD",83,0.72,0.24,0.08,24
"Kibojn
MDL",66,0.61,0.33,0.09,14
bsmooth,28,0.61,0.64,0.04,17
"Alluka
RRQ.K",45,0.49,0.64,0.02,12
"BcJ
M80",41,0.51,0.41,0.05,11
"Kehmicals
TOR",44,0.66,0.52,0.07,15
"baha
IW",83,0.66,0.30,0.07,22
"ardiis
NAVI",39,0.85,0.15,0.13,17
"xiTsha
DIA",20,0.75,0.20,0.15,15
"Lightningfast
GE",21,0.76,0.48,0.10,16
"Luzia
XL.GC",21,0.71,0.62,0.10,15
"Kicks
VIT",20,0.60,0.65,0.05,12
"nerve
QOR",64,0.45,0.50,0.03,12
"Wildfire
NBG",14,0.93,0.00,0.43,13
"ellie
FATE.F",24,0.79,0.17,0.00,19
"angelka
XL.GC",24,0.71,0.42,0.08,17
"Tormo
EQZ",20,0.65,0.40,0.10,13
"QueYa
ROA",22,0.59,0.27,0.14,13
"Less
LOUD",63,0.68,0.21,0.08,16
"A1ka
DRX.C",22,0.77,0.14,0.09,17
"artzin
MIBR",19,0.95,0.05,0.11,18
"Miyori
GX.GC",51,0.69,0.12,0.08,17
"Kssar
VIS",126,0.78,0.19,0.18,23
"popoman4Q
FA",52,0.67,0.56,0.02,13
"micr0
ZOL",62,0.58,0.37,0.08,15
"Moh
FLC",44,0.61,0.61,0.09,14
"wPanda
MIZ",42,0.71,0.29,0.02,18
"pyrolll
EX0",43,0.70,0.23,0.14,18
"A1mly
UG",138,0.78,0.18,0.13,25
"wayLander
CTLS",42,0.71,0.48,0.12,22
DizzyFps,20,0.70,0.25,0.10,14
Hansia,24,0.63,0.17,0.17,15
"SpArrowing
RNP",26,0.62,0.38,0.08,16
"mikee
JL",86,0.60,0.14,0.06,17
"Mikey Tap
FG",111,0.69,0.48,0.06,20
"AKUMAAAAA
MDR",60,0.82,0.40,0.10,26
"CLZ
FL",52,0.63,0.44,0.08,18
"biazik
KRÜ.B",46,0.76,0.33,0.11,26
"nugget
GMX.L",101,0.70,0.16,0.07,20
"MAGNUM
KC",26,0.58,0.54,0.08,15
"Verno
OXG",36,0.56,0.25,0.03,12
"qrizly
GHR",103,0.75,0.09,0.18,24
"F4INT
TOG",24,0.83,0.17,0.13,20
"AloNeFillz
AAA",22,0.59,0.32,0.09,13
"LuffysaN
CG",22,0.73,0.41,0.00,16
"Anthem
DFM",40,0.48,0.63,0.05,12
"severiNe
RVNT",45,0.56,0.49,0.09,14
"Asia
UW.GC",36,0.83,0.17,0.11,20
"Jazzyk1ns
COL",33,0.64,0.18,0.00,18
"Fuzzie
TEAR",24,0.63,0.42,0.04,15
"stax
DRX",22,0.45,0.82,0.05,10
"KHS
RESO",20,0.65,0.35,0.05,13
bioforst,24,0.67,0.29,0.08,16
"RxYaL
ONLI",20,0.70,0.05,0.10,14
"Core
IluZ",24,0.67,0.46,0.08,16
"Magnus
RV",17,0.82,0.06,0.29,14
yokonomiyaki,21,0.71,0.19,0.05,15
Lily,21,0.62,0.48,0.00,13
"Cud
AE",45,0.73,0.11,0.13,22
"inf
TM",22,0.64,0.18,0.00,14
"Demon1
NRG",21,0.76,0.14,0.19,16
"Chanyboi
BNB",19,0.58,0.32,0.11,11
"Matt
Burg",50,0.62,0.54,0.04,18
"budimeisteR
BME",65,0.52,0.62,0.05,15
"stolen
TOG",42,0.67,0.17,0.10,17
"Myth
FOC",88,0.55,0.26,0.06,18
Shinon,20,0.80,0.30,0.05,16
"GrTw
ELV",52,0.69,0.23,0.12,18
"Atisca
BSCT",42,0.79,0.17,0.10,18
"ExciteMVP
NBG",22,0.64,0.32,0.09,14
"Mikelelle
EYG",62,0.63,0.52,0.06,19
"Inumo
VCTRY",23,0.61,0.30,0.09,14
"Spocki
Bloo",71,0.61,0.44,0.10,19
"zerona
ZMM.B",74,0.88,0.36,0.08,36
"skyppervz
FG",111,0.54,0.58,0.03,15
"Flaring
AE",21,0.52,0.43,0.05,11
"LiNLiN
AKV.GC",40,0.60,0.68,0.05,15
"Andrehs
AKV.GC",40,0.65,0.40,0.10,16
"Kouf
MNC",21,0.67,0.29,0.05,14
"Healing
DRX.C",22,0.55,0.64,0.09,12
"Druff
IU",28,0.89,0.07,0.04,25
Rizzy,21,0.67,0.10,0.05,14
"Pr
SPE",22,0.50,0.64,0.05,11
Yoyoman,98,0.67,0.45,0.07,20
"Sandra
GK",66,0.70,0.18,0.08,17
"Add3r
TTR",36,0.50,0.28,0.06,10
GunterR,98,0.76,0.23,0.10,23
"caMz
WSU",23,0.78,0.09,0.13,18
"johms
VAL",21,0.71,0.29,0.05,15
"CALVIN S
GEEK",50,0.66,0.22,0.08,18
"caya1
INF",24,0.33,0.50,0.08,8
"Rexon
EYG",71,0.58,0.38,0.08,19
"Joliinaa
GX.GC",51,0.57,0.67,0.02,12
"Miyamura
GHR",103,0.74,0.16,0.06,17
"poegii
Ging",15,0.60,0.20,0.13,9
Kyun,20,0.50,0.40,0.20,10
"miNt
FL.GC",19,0.95,0.21,0.11,18
"CaspeR
MLT.GC",45,0.69,0.27,0.11,16
"crashies
NRG",21,0.48,0.29,0.10,10
"ganter
NOTT",19,0.63,0.16,0.05,12
"Vuubit
ACE",19,0.79,0.21,0.05,15
"yuran
ZETA",48,0.71,0.21,0.13,17
"Srx
OXR",56,0.77,0.20,0.21,18
BBC,24,0.67,0.42,0.08,16
"tex
LEV",34,0.65,0.38,0.12,22
"logaN
M8",20,0.55,0.15,0.05,11
"poof
dont",53,0.81,0.26,0.11,21
"Jerk
WU",20,0.50,0.10,0.05,10
"Kazler
RF.GC",41,0.85,0.17,0.12,18
"foxz
FS",46,0.65,0.37,0.13,16
"exy
DK",26,0.73,0.35,0.19,19
"CTC
RED",116,0.62,0.14,0.09,22
"Jerrwin
SEN",47,0.70,0.21,0.19,20
"tweethy
INCO",21,0.71,0.24,0.10,15
"Depyro
GMX",81,0.54,0.64,0.02,15
"Yawnpeek
AIM",86,0.55,0.59,0.02,14
Dasani,59,0.75,0.17,0.20,19
"Pain
IluZ",23,0.43,0.61,0.04,10
"gatorada
SG",66,0.55,0.58,0.11,19
brock,39,0.69,0.23,0.21,15
"fred
FB",19,0.84,0.05,0.32,16
"Truth
BPC",20,0.85,0.25,0.15,17
"aproto
TSM",22,0.59,0.18,0.05,13
"Hermes
DK",26,0.54,0.73,0.04,14
Quetz,24,0.46,0.29,0.00,11
iNaz,40,0.85,0.13,0.13,18
"johnqt
SEN",80,0.49,0.19,0.05,13
"ricky
CRWN",14,1.00,0.14,0.07,14
"OuTLaW
SA",44,0.75,0.32,0.07,18
"iFly
Twis",162,0.70,0.10,0.12,24
"Kanpeki
TWT",38,0.71,0.34,0.08,15
"P4ND4
6K",74,0.58,0.61,0.00,16
Gon,19,0.68,0.21,0.00,13
"Ash
LFG",66,0.76,0.15,0.24,26
"Sunday
LFG",66,0.76,0.26,0.03,24
"Tisora
COOP",55,0.73,0.20,0.18,18
AlphaQ,24,0.50,0.33,0.08,12
"Cns
Exal",20,0.80,0.50,0.05,16
"jas
JL",86,0.73,0.10,0.19,24
"downtail
MCOM",59,0.73,0.25,0.05,20
"kray
Soli",37,0.65,0.49,0.08,14
"pdr
IGW",46,0.65,0.52,0.13,22
"parscofield
Mine",66,0.76,0.20,0.20,27
"seezy
LAG",21,0.71,0.19,0.19,15
"Kehem
86th",17,0.88,0.18,0.06,15
"Yohpa
CG",24,0.46,0.54,0.00,11
"glovee
GAL",72,0.53,0.40,0.07,15
"Tim
ZMM.B",66,0.77,0.42,0.03,22
"Wolverine
NTH",45,0.73,0.16,0.20,22
"Alessia
MDK",38,0.74,0.18,0.16,20
"yelloww
HGE",22,0.68,0.27,0.00,15
"Prestige
86th",38,0.66,0.71,0.05,15
"MateliaN
AKR",68,0.75,0.18,0.13,20
"HANLING
NOTT",35,0.66,0.40,0.03,13
"khz
XS",37,0.70,0.30,0.08,15
"lazylion
DSG",33,0.45,0.48,0.06,9
"Phatt
ELV",52,0.54,0.56,0.02,16
"Izzy
SUP",17,0.71,0.12,0.18,12
"Lmemore
RRQ",19,0.58,0.26,0.16,11
gkDEUS,14,0.79,0.14,0.14,11
"Br0die
ACE",42,0.62,0.31,0.07,14
"alvin
Burg",50,0.84,0.12,0.06,25
"Siduzord
STE",86,0.52,0.38,0.05,14
"Elite
BBL",41,0.71,0.17,0.17,18
"Marti
NSR.I",24,0.92,0.13,0.08,22
"Reita
MRSH",49,0.61,0.24,0.12,15
"xavi8k
PHI",23,0.65,0.30,0.04,15
"theia
FLY.R",78,0.49,0.49,0.05,14
"Ninjas
VIS",126,0.61,0.50,0.03,18
"sociablEE
FF",41,0.51,0.46,0.07,11
"Syuz
BT",21,0.76,0.33,0.10,16
Orgil,24,0.63,0.29,0.08,15
"vakk
NASR",68,0.57,0.22,0.06,14
Ellep,21,0.71,0.19,0.14,15
"nixoon
OF",22,0.68,0.45,0.05,15
"crona
CLO",21,0.57,0.19,0.05,12
"Salty
Veni",24,0.54,0.38,0.17,13
"emluo
FLY.R",90,0.62,0.40,0.09,18
"vader
Achi",19,0.74,0.11,0.05,14
"neptune
TWT",38,0.61,0.63,0.08,13
"hellff
TRS",26,0.58,0.35,0.04,15
"cuz
AWAK",24,0.75,0.17,0.21,18
"Valu
FUR.F",57,0.65,0.16,0.11,17
"HakuNa
RIG.L",19,0.37,0.21,0.05,7
"Unhappy
ROA",98,0.63,0.19,0.05,19
"ginger
aTTaX",39,0.82,0.21,0.10,23
"k3ni
SEN",24,0.63,0.00,0.04,15
Junju,24,0.88,0.04,0.29,21
"ip0TT
GAL",72,0.75,0.10,0.15,18
"million
BB",49,0.53,0.51,0.04,17
"yatoro
ETH",19,0.68,0.21,0.05,13
"Pie
Colo",61,0.48,0.38,0.05,14
"Nunu
EQZ",20,0.60,0.20,0.15,12
"Padisah
GS",23,0.74,0.13,0.13,17
msh,26,0.69,0.08,0.12,18
"globeX
CHCH",88,0.52,0.61,0.08,13
"Raven
YFP",76,0.66,0.36,0.01,19
"Killu
3D",68,0.75,0.15,0.09,29
nicksz,86,0.63,0.41,0.10,26
"ezk
xyz",103,0.69,0.28,0.12,20
"JoJo
FA",87,0.75,0.23,0.07,21
"SerialKiller
Aimb",88,0.75,0.17,0.11,21
"Rap1d
NS",42,0.52,0.19,0.07,13
"Tr1X
GR G",23,0.61,0.43,0.09,14
"qw1
FF",41,0.59,0.17,0.17,14
"practo
AKM",34,0.59,0.21,0.09,20
"MARKEZZ
buch",34,0.79,0.32,0.09,14
"Xeppaa
C9",53,0.66,0.51,0.08,26
"jakee
C9",24,0.67,0.33,0.08,16
KhenZy,58,0.81,0.12,0.16,26
"Touven
GGO",23,0.57,0.39,0.22,13
"N4RRATE
KC",26,0.65,0.69,0.08,17
pashalime,23,0.43,0.57,0.00,10
"shion
OLP",66,0.61,0.48,0.05,16
amelist,22,0.59,0.68,0.05,13
"Ender
KZ",17,0.94,0.18,0.00,16
"satellite
VLYN",41,0.59,0.22,0.20,15
"Phardon
FMG",36,0.58,0.56,0.11,13
"Tuli
9z",121,0.69,0.17,0.15,19
"xazyy
DSY",26,0.42,0.38,0.08,11
"Ali
the",104,0.70,0.21,0.19,27
"zero cap
MFC",23,0.43,0.30,0.00,10
"Anashi
0Zer",60,0.60,0.22,0.08,16
"jowa
TM",66,0.59,0.59,0.05,14
"Abde
Tedw",22,0.68,0.32,0.14,15
"Ponder
PFlu",42,0.64,0.17,0.10,17
"Sylva
XL.GC",39,0.64,0.46,0.03,16
"Juja
IL",39,0.51,0.51,0.05,14
"Spaz
TACO",70,0.59,0.39,0.09,16
"f4ngeer
tras",26,0.77,0.12,0.19,20
"MaKo
DRX",22,0.59,0.18,0.09,13
"sym
TSM",22,0.64,0.18,0.09,14
"panchill
UC.Fem",18,0.78,0.11,0.06,14
"Rue
3E.V",18,0.78,0.56,0.06,14
vita,18,0.67,0.22,0.11,12
"Ayaèrna
CG.GC",20,0.60,0.50,0.00,12
"izana
Colo",61,0.59,0.11,0.08,17
"LBY
RGES",21,0.52,0.38,0.00,11
"matrix
KC.GC",86,0.66,0.12,0.15,21
"Kntz
MITH",46,0.59,0.41,0.07,18
"bipo
NOVO",67,0.67,0.22,0.16,18
"Akita
CG.GC",20,0.75,0.15,0.20,15
Window,19,0.74,0.32,0.11,14
"sh1va
IW",83,0.71,0.11,0.07,18
"Dane
Suic",162,0.65,0.30,0.04,20
"beanann
MOBAP",18,0.72,0.22,0.11,13
"Reality
SPE",22,0.55,0.23,0.00,12
"bry
AVN",21,0.33,0.76,0.10,7
"999kvmil
B8",24,0.67,0.29,0.04,16
"9ianny
Try",17,0.71,0.47,0.06,12
"chiwa
ACE",42,0.64,0.24,0.07,16
Misaya,66,0.62,0.44,0.09,16
Beaver,21,0.48,0.43,0.10,10
"Ché
Exal",24,0.58,0.29,0.17,14
"ritsu
Gala",37,0.59,0.05,0.08,12
"Sevy
AIM",86,0.69,0.26,0.08,18
"Keiko
TL",42,0.62,0.31,0.17,16
"ceNder
VIT",20,0.65,0.25,0.10,13
"KILLDREAM
ELV",52,0.75,0.13,0.19,20
"zMART
OXR",66,0.83,0.21,0.18,21
"pedio
INFN",20,0.65,0.40,0.05,13
"maou
VLG",17,0.59,0.18,0.06,10
"HyP
MDR",60,0.58,0.35,0.02,15
"Nozz
BOBO",83,0.52,0.52,0.06,13
"seph1roth
MITH",46,0.65,0.15,0.09,17
"m0skey
BPX",24,0.71,0.38,0.04,17
"xccurate
T1",42,0.52,0.02,0.02,12
"SkyIsBlue
MGLZ",20,0.55,0.20,0.10,11
"keznit
KRÜ",21,0.67,0.10,0.24,14
Lendary,20,0.70,0.30,0.10,14
"blowz1n
OLP",66,0.65,0.21,0.17,26
AuloekXD,87,0.71,0.29,0.03,28
"iReLeX
OXR",56,0.57,0.13,0.09,14
"Dano
FSX",45,0.58,0.58,0.07,18
Abdulmalek,40,0.63,0.33,0.13,15
"Wrath
PATH",26,0.46,0.27,0.04,12
"FakeAnanas
Sila",52,0.62,0.54,0.04,17
Truman,23,0.65,0.26,0.04,15
tsalad,15,0.87,0.20,0.00,13
"NakJi
LFG",66,0.59,0.53,0.06,17
"cman
ALE",36,0.67,0.14,0.06,15
"Louitan
OVA",39,0.64,0.38,0.00,14
"DESTRUCT1VEE
GAL",72,0.68,0.32,0.06,20
"Ninou
VLNT",43,0.56,0.56,0.12,12
"Sato
GLRS",77,0.57,0.12,0.12,17
"Shniider
RAAD",50,0.68,0.26,0.16,20
"style
SC",55,0.56,0.42,0.05,16
"evv
YFP",42,0.81,0.24,0.12,27
Naxa,36,0.86,0.17,0.22,17
"EARTHBABYR
BNC",20,0.60,0.35,0.10,12
"sh1n
KC",26,0.54,0.42,0.08,14
"LewN
GS",23,0.48,0.57,0.09,11
"Brave
BBL",41,0.71,0.20,0.15,17
"eva
FLCV",42,0.52,0.17,0.02,11
"Leon
UOL",24,0.54,0.33,0.08,13
"pryxi
NXT",69,0.77,0.26,0.25,23
"Notexxd
Six",26,0.58,0.31,0.12,15
"tryst
OGS",44,0.68,0.39,0.05,17
"DcRulz
OGS",44,0.70,0.16,0.02,18
"reN
BZE",60,0.67,0.40,0.10,17
ume,43,0.63,0.19,0.09,14
"vandals
6K",74,0.51,0.46,0.05,16
Goob,21,0.71,0.29,0.24,15
"zaj
ASTA",19,0.53,0.32,0.05,10
Doenmo,24,0.67,0.21,0.25,16
"D4rf
XIA",32,0.66,0.41,0.06,21
"Nawaf
DRGN",61,0.57,0.34,0.10,13
"hypeRR
KOPF",69,0.55,0.59,0.03,21
"Morita
ZEN.GC",17,0.82,0.12,0.06,14
"cataLina
ZER.M",20,0.60,0.30,0.05,12
"consz
MGLZ",20,0.75,0.10,0.15,15
"yiinel
Fish",66,0.48,0.32,0.06,12
"darkosek
INCO",21,0.62,0.33,0.05,13
haltix,24,0.42,0.46,0.00,10
"adora
FF",21,0.90,0.10,0.19,19
yua,24,0.67,0.21,0.00,16
"Fit1nho
GX",24,0.46,0.63,0.04,11
"litshii
EX0",43,0.60,0.58,0.16,17
"Jingji
Aure",21,0.52,0.19,0.05,11
"Dext
EX0",43,0.70,0.23,0.05,15
ngk,75,0.71,0.13,0.21,22
"Dark3st
SAD",121,0.59,0.45,0.08,14
"canefis
OVA",39,0.67,0.13,0.18,18
"GeneralSteak
6K",74,0.49,0.18,0.01,14
"BananaMan
0Zer",60,0.85,0.13,0.17,23
"SpYzera
FLC",44,0.75,0.30,0.07,18
j1mmy,20,0.65,0.40,0.05,13
"blobblob
RNP",79,0.54,0.20,0.06,18
"Divine
SGP",40,0.65,0.35,0.18,19
"OniBy
AKR",68,0.53,0.35,0.04,14
"TiduS
AKR",68,0.54,0.28,0.01,17
"Monyet
PRX",69,0.64,0.25,0.16,18
tty,23,0.48,0.48,0.04,11
"Noia
SR",39,0.49,0.26,0.08,11
Lakaa,23,0.52,0.30,0.00,12
"oonzmlp
MARU",39,0.59,0.56,0.08,15
bobae,24,0.58,0.46,0.13,14
"xelouz
UNT",43,0.42,0.49,0.07,11
"Saikiwi
UW.GC",34,0.65,0.24,0.12,12
"Tonbo
FL",49,0.61,0.18,0.08,21
Lingchuan,23,0.57,0.17,0.00,13
"allthewayPat
TOG",42,0.62,0.10,0.12,17
"YAKUZA
FC",41,0.80,0.20,0.05,23
"jcrueL
NBG",22,0.59,0.05,0.05,13
"runi
C9",53,0.51,0.28,0.04,21
dcey,22,0.55,0.68,0.09,12
"SexyChristian
the",60,0.43,0.45,0.07,11
"Moves
LFG",66,0.50,0.33,0.09,13
"ANXiOS
SKUL",26,0.42,0.46,0.08,11
"Blahst
ZMM.B",66,0.50,0.55,0.05,14
"NAMI
LR",22,0.73,0.14,0.18,16
"Len
CYG",43,0.51,0.23,0.09,14
"Lami
EG",39,0.67,0.26,0.00,14
"B3ASTM0D3
OVA",39,0.62,0.28,0.03,13
"aimhunterr
3E",45,0.69,0.20,0.16,21
"AMNESTY
EDGE",103,0.59,0.29,0.08,17
"Ebeeee
vS",45,0.62,0.42,0.04,16
"Reapy
Irre",23,0.65,0.26,0.17,15
"BánhMj
RLF",58,0.69,0.16,0.07,18
"toffywoffy
DVT",43,0.49,0.33,0.12,13
"yetujey
FUT",20,0.40,0.20,0.10,8
"norsin
FC",18,0.72,0.06,0.17,13
"scarn
SAD",83,0.76,0.19,0.14,20
"Yotaa
AKR",68,0.68,0.13,0.16,23
"Logan
Burg",78,0.63,0.17,0.13,18
"Kachow
DVT",43,0.58,0.53,0.02,13
"vaiZ
FSN",24,0.54,0.46,0.13,13
"skillZ
RVNT",45,0.60,0.13,0.02,15
"Spartabang
Team",59,0.53,0.42,0.07,17
"purp0
GX",24,0.67,0.00,0.13,16
CRIME,44,0.68,0.16,0.23,17
LIEBE,23,0.57,0.26,0.04,13
"Paradox
RVNT",45,0.69,0.36,0.07,21
"renz
WU",22,0.41,0.18,0.00,9
Hackstie,44,0.48,0.61,0.02,12
"starxo
KOI",20,0.50,0.50,0.05,10
"tesseract
MLT",69,0.62,0.22,0.09,18
"chrollo
GMX",81,0.58,0.31,0.10,20
"ryx
GenZ",18,0.61,0.44,0.11,11
"lil d
Pros",16,0.56,0.56,0.00,9
Kolosha,24,0.63,0.29,0.08,15
"Naifma7
VIS",24,0.46,0.33,0.08,11
"saun
OGS",44,0.59,0.39,0.07,15
"iBrocky
KRAKEN",39,0.51,0.36,0.10,12
Aqua,43,0.65,0.35,0.07,15
"fame
COOP",55,0.56,0.36,0.05,12
"mindfreak
PRX",69,0.54,0.20,0.01,13
"benjii
the",104,0.65,0.22,0.10,19
"Momiji
Fish",18,0.61,0.17,0.11,11
"Rayzey
ARC",53,0.49,0.53,0.06,12
"Dogo
SaD",65,0.55,0.12,0.08,16
"Patrui
FB",19,0.63,0.16,0.11,12
"Thykuza
VLNT",43,0.72,0.19,0.19,18
"Ellie
KS",19,0.63,0.26,0.05,12
"ray4c
AE",45,0.71,0.11,0.07,22
"Rco
OXEN",16,0.69,0.00,0.13,11
"shelbyN
EBG",86,0.52,0.29,0.03,15
"cacan
FB",19,0.58,0.11,0.05,11
"waleed
UG",56,0.57,0.48,0.04,13
"BALLI
HGE",22,0.73,0.09,0.36,16
"vascalizz
MBH",20,0.85,0.20,0.25,17
weber,87,0.59,0.34,0.07,20
"skz
LGCY",45,0.56,0.42,0.09,18
"Killua
MITH",46,0.63,0.15,0.09,16
"cauanzin
LOUD",63,0.57,0.29,0.10,18
"hypathor
OF",57,0.49,0.32,0.04,13
Frosty,18,0.61,0.06,0.06,11
zekei,55,0.49,0.44,0.07,17
"Xan
LZE",40,0.68,0.13,0.15,18
anotherrr,24,0.75,0.13,0.17,18
"thebigfiz
MDR",60,0.65,0.12,0.03,17
"Sa1koro
S2",24,0.58,0.17,0.13,14
"Jolpi
SZK",24,0.63,0.42,0.13,15
"mikasa
WT",24,0.71,0.46,0.21,17
"siraphop
XIA",32,0.63,0.22,0.06,20
Alda,23,0.65,0.22,0.17,15
"Licht
6K.Fem",22,0.59,0.36,0.00,13
"Yuno
VENI",44,0.84,0.14,0.23,28
"RedLight
SLT",37,0.49,0.38,0.08,10
"Muzz
BOBO",83,0.61,0.18,0.04,17
"Conch
PFlu",42,0.67,0.21,0.07,15
"Buld
GN",26,0.42,0.23,0.12,11
"pollo
OLP",66,0.59,0.18,0.06,15
Harmonee,39,0.77,0.15,0.05,16
Terry,24,0.58,0.29,0.04,14
"Sephia
HOWL.M",37,0.68,0.35,0.19,16
"dRKY
IW",83,0.59,0.43,0.07,18
"mass3R
OP",24,0.42,0.58,0.04,10
arixna,23,0.57,0.35,0.09,13
"cgrs
MITH",46,0.63,0.15,0.04,19
hunterr,44,0.45,0.55,0.05,11
"Australis
FT S",37,0.51,0.57,0.11,14
"canezera
TOR",68,0.68,0.24,0.10,18
"Rags2Riches
KTS",39,0.62,0.51,0.08,14
"TakaS
M8",20,0.65,0.40,0.15,13
"JitBoyS
TLN",21,0.62,0.29,0.14,13
"tomaszy
KC",26,0.58,0.27,0.04,15
"pAura
BBL",41,0.61,0.49,0.10,17
"luckyMrJ
325",26,0.54,0.08,0.12,14
"ezzy
CG",39,0.64,0.31,0.15,13
"JoBa
TAMU",30,0.60,0.03,0.07,18
Saitama,36,0.56,0.31,0.06,16
"NaturE
EG",20,0.55,0.50,0.15,11
"Town
LMND",20,0.50,0.60,0.25,10
"MirzAA
WH",41,0.59,0.49,0.02,16
"Pepper
NTH",45,0.40,0.53,0.00,16
"Fweshest
FC",41,0.54,0.41,0.07,13
"QutionerX
BBL",41,0.63,0.17,0.10,18
"rood
GLRS",77,0.55,0.16,0.09,18
"loubert
EDGE",103,0.51,0.50,0.03,16
"Stay
DVN",16,0.63,0.19,0.19,10
"Andersin
BTR",40,0.60,0.33,0.08,16
Azu,16,0.75,0.25,0.13,12
Day,22,0.77,0.14,0.32,17
"GGHuiii
LGD",74,0.65,0.19,0.12,22
Toodles,17,0.53,0.24,0.00,9
"FREY
LZE",40,0.70,0.20,0.08,21
"d1srupt
TRS",26,0.62,0.65,0.08,16
"Benkai
GE",21,0.38,0.14,0.05,8
awus,36,0.42,0.50,0.06,8
"gMd
TSM",22,0.59,0.23,0.00,13
"Noor
TU.O",18,0.56,0.28,0.06,10
"Luzuh
OVA",39,0.64,0.10,0.15,17
"Milooo
RLF",58,0.50,0.34,0.10,12
Truu,18,0.56,0.17,0.06,10
Leen,18,0.67,0.06,0.33,12
AlMtRoOo3,56,0.57,0.39,0.02,13
Kali9su,24,0.50,0.63,0.04,12
"Jonaaa6
ZMM.B",20,0.65,0.25,0.10,13
"DEATHMAKER
TRS",26,0.54,0.19,0.15,14
Nasty,87,0.62,0.10,0.18,17
"felix
DMG",21,0.52,0.33,0.10,11
"SnipKw
DRGN",61,0.54,0.41,0.10,13
"Buffala
6K.Fem",22,0.73,0.14,0.18,16
Nirvana,23,0.74,0.13,0.17,17
"magicss
ABS",86,0.58,0.22,0.09,22
"Tara
XIP",22,0.32,0.32,0.05,7
"Kozok
PRZ",26,0.38,0.31,0.00,10
Electus,85,0.46,0.58,0.05,13
"DominiK
ASTR",45,0.51,0.33,0.07,12
"appA
KOPF",69,0.64,0.13,0.10,24
"nihggo
VENI",44,0.55,0.20,0.02,18
moon,24,0.50,0.21,0.13,12
XiaoFeng,22,0.64,0.27,0.05,14
"saadhak
LOUD",63,0.49,0.48,0.10,12
"korosu
YFP",41,0.56,0.17,0.12,14
lirowe,18,0.78,0.28,0.22,14
"Deadly10
MDL",66,0.52,0.62,0.02,14
"gRIGUAj
NOVO",41,0.37,0.49,0.10,8
Shinobu,59,0.61,0.22,0.07,15
"SSeeS
DFM",40,0.48,0.25,0.10,13
"BlanK
Roch",34,0.68,0.21,0.09,19
"JELLYD
FC",41,0.56,0.39,0.02,14
"ubud
BFG",20,0.60,0.20,0.05,12
"iboss
CTLS",23,0.78,0.00,0.17,18
"Noix
GHR",103,0.47,0.34,0.02,13
"DroperZ
FUZO",20,0.70,0.15,0.15,14
"Lied
FSX",45,0.60,0.42,0.02,14
"Whimp
CG",39,0.56,0.36,0.05,13
"grubinho
KOI",20,0.45,0.40,0.10,9
"raafa
HERO",42,0.48,0.40,0.02,14
"Medusa
DFM",40,0.63,0.20,0.10,19
sommboiii,20,0.60,0.10,0.00,12
"Guardy
BAR",23,0.43,0.13,0.04,10
"Tempz
NG",22,0.55,0.45,0.05,12
"Blossi
aTTaX",39,0.49,0.46,0.00,10
"Katashio
CVU.NBG",22,0.36,0.59,0.05,8
"bld
Trop",86,0.57,0.16,0.07,17
Elders,17,0.47,0.47,0.00,8
"ponix
9z.GC",22,0.41,0.36,0.05,9
"Mel
VLNT",43,0.53,0.42,0.02,14
"IkE
AEX",51,0.45,0.33,0.06,13
"pancc
HERO",42,0.55,0.19,0.19,12
"Retla
BLD",17,0.47,0.12,0.12,8
"Treelover
UOL",17,0.65,0.29,0.00,11
"CarmenG7
NTH",42,0.57,0.17,0.10,16
"Potter
XIA",32,0.75,0.13,0.06,24
"kAdavra
DVM",18,0.56,0.22,0.00,10
"neto
NOTT",35,0.57,0.20,0.11,11
Satto,57,0.54,0.40,0.09,17
"fiziq
YFP",20,0.45,0.30,0.10,9
"Ayumiii
RRQ.K",45,0.51,0.20,0.09,14
"monSi
BC",70,0.43,0.37,0.04,12
"ripmeL
VIDA",21,0.57,0.29,0.00,12
"nati
LEV.GC",21,0.62,0.00,0.10,13
"vlt
DRGN",61,0.72,0.08,0.13,20
"MiLuan
S2",24,0.58,0.25,0.00,14
"yorkings
FUZO",20,0.50,0.55,0.10,10
"Leyre
MDK",38,0.66,0.42,0.03,18
"Ri0
OGS",44,0.43,0.36,0.05,10
"Sand
EGYPT",50,0.60,0.10,0.06,16
Rossi,20,0.60,0.15,0.20,12
dawwin,33,0.64,0.06,0.09,13
"Faceroll
VENI",62,0.58,0.29,0.11,14
"ESUH
ANTC",24,0.46,0.33,0.00,11
"depppx
SGZ",44,0.43,0.07,0.00,10
"moobs
WU",20,0.55,0.15,0.05,11
"gucc107
WU",20,0.70,0.40,0.00,14
"Akai
FLC",44,0.59,0.25,0.16,15
Chosen,18,0.50,0.33,0.06,9
"zShoxy
HGE",22,0.50,0.27,0.09,11
"d4v41
PRX",69,0.58,0.33,0.04,19
"Anq
RGES",21,0.52,0.10,0.05,11
"Shondex
Fish",39,0.74,0.28,0.03,16
"Jemkin
RRQ",19,0.68,0.05,0.05,13
"sw
COOP",55,0.51,0.36,0.09,11
"Joudaa
GMX.L",46,0.50,0.41,0.02,15
"Virtyy
FSN",24,0.71,0.21,0.17,17
Chintu,24,0.58,0.25,0.04,14
"hide
GLRS",28,0.50,0.14,0.00,14
"ian
BSU",23,0.48,0.30,0.04,11
"Saiz
BAR",23,0.35,0.13,0.04,8
"Xhowi
MR",51,0.61,0.12,0.10,19
"fzkk
COOP",20,0.40,0.60,0.05,8
exa,80,0.64,0.33,0.10,17
SUPERMOTION,24,0.79,0.04,0.13,19
HS7,40,0.63,0.08,0.18,15
Blueming,21,0.67,0.14,0.05,14
"Askia
HERO",42,0.40,0.36,0.02,11
"SGrap
DT",35,0.57,0.17,0.14,12
"reazy
BBL",41,0.44,0.44,0.07,11
mocatito,16,0.75,0.31,0.06,12
"MigueL
FUZO",20,0.55,0.20,0.00,11
"Closer
FG",35,0.49,0.17,0.09,9
"Nahsie
WU",20,0.55,0.45,0.00,11
"LoyDreaM
GLAB",66,0.62,0.14,0.08,21
"kalita
revo",46,0.50,0.46,0.09,16
"sherb
Crow",30,0.63,0.50,0.00,12
"speq
CGC",24,0.54,0.46,0.13,13
"RYRY
ARC",53,0.68,0.15,0.08,14
"anesilia
GMX.L",18,0.61,0.33,0.11,11
"nysHAA
Exal",20,0.65,0.30,0.10,13
"r1seN
CG",39,0.59,0.18,0.03,13
"DARK
MEC",39,0.72,0.08,0.13,18
"CHIMEI
OF",74,0.45,0.39,0.03,12
"Haru
Equi",35,0.66,0.26,0.11,14
"Nille
WHO",21,0.57,0.05,0.00,12
"GodDead
ODG",24,0.58,0.13,0.13,14
"Polkan
IluZ",26,0.46,0.58,0.08,12
"trinxty
OGS",44,0.70,0.14,0.20,16
"Mazino
LEV",34,0.56,0.26,0.03,19
"penny
G2",20,0.50,0.35,0.25,10
"Dazlly
VIS",126,0.58,0.13,0.09,17
"Kheops
OXR",66,0.44,0.61,0.02,13
"Sueiy
WSU",23,0.57,0.04,0.09,13
Asetic,15,0.60,0.20,0.13,9
"Flypii
Team",23,0.52,0.17,0.04,12
Block,44,0.64,0.11,0.05,17
jessenia,16,0.63,0.00,0.00,10
"Tillo
spec",28,0.57,0.14,0.14,16
"avery
YFP",16,0.50,0.25,0.06,8
"ALIVE
ACE",42,0.62,0.17,0.10,18
"fl1pzjder
RRQ",19,0.42,0.63,0.05,8
Lutzinnn,23,0.43,0.35,0.09,10
Dizzy,98,0.52,0.32,0.06,20
"heartless
wows",14,0.71,0.14,0.14,10
"opTED
Boom",28,0.50,0.50,0.07,14
"Moosey
BBP",22,0.64,0.36,0.27,14
plaane,23,0.52,0.30,0.22,12
Rea,18,0.56,0.22,0.06,10
"Puffy
Shru",39,0.72,0.10,0.28,16
xen1x,17,0.53,0.65,0.06,9
"Lele
VENI",26,0.65,0.04,0.08,17
"benG
XS",37,0.62,0.30,0.11,12
"hoody
GX",24,0.46,0.25,0.04,11
"vanity
C9",53,0.45,0.34,0.08,15
"pityth
RTZN",15,0.47,0.07,0.07,7
"Lear
THNK",62,0.45,0.40,0.05,12
"RedKoh
LESS",21,0.48,0.33,0.14,10
"Serena
VLNT",43,0.40,0.37,0.07,13
"Ziad
INST",21,0.43,0.10,0.19,9
"Kero
tgz",65,0.51,0.35,0.06,13
"Pa1nt
FCN",40,0.65,0.08,0.15,19
"Naf
GMX.L",46,0.50,0.26,0.07,13
"IDG
ONS",24,0.38,0.33,0.04,9
ducq,29,0.76,0.07,0.03,15
"frz
MIBR",19,0.53,0.00,0.00,10
"Foxy9
DRX",22,0.36,0.27,0.00,8
"ntk
COOP",55,0.58,0.36,0.05,12
"dgzin
HERO",42,0.64,0.14,0.10,19
"Jas
Neon",17,0.53,0.18,0.00,9
"dom
IluZ",24,0.67,0.04,0.21,16
"Yohan
NS",42,0.40,0.40,0.07,10
"Pyro
INF",24,0.42,0.33,0.08,10
"deminatiX
IW",83,0.70,0.10,0.12,20
"Makchin
SPV",21,0.57,0.24,0.19,12
"mitch
OXG",36,0.44,0.50,0.06,12
"Aru
SLT",37,0.46,0.41,0.08,13
"romia
FL.GC",19,0.63,0.11,0.00,12
AKI,36,0.50,0.19,0.06,14
"guuih
FSN",24,0.42,0.21,0.00,10
"Antidote
MLT",69,0.59,0.16,0.10,18
K1LANI,15,0.67,0.07,0.00,10
Technical,19,0.63,0.00,0.05,12
"Marved
NRG",21,0.38,0.43,0.05,8
"miniature
DTL",19,0.47,0.32,0.11,9
"Raquinuki
FSX",45,0.58,0.20,0.04,14
"Sane
99th",76,0.55,0.30,0.07,15
"Natasha
CARA",20,0.65,0.20,0.05,13
"Klaus
KRÜ",21,0.38,0.43,0.00,8
Rohlyn,15,0.60,0.27,0.07,9
gelo,20,0.70,0.20,0.25,14
Nano,22,0.45,0.23,0.05,10
"b3ta
AAA",22,0.64,0.55,0.05,14
"Car
INF",15,0.40,0.13,0.13,6
"drn
ZIK",46,0.57,0.37,0.07,22
"Quick
LOUD",63,0.68,0.13,0.11,15
"Zauqk
BOBO",83,0.43,0.25,0.06,13
xansita,17,0.59,0.06,0.18,10
"Dynasty
MCOM",59,0.58,0.20,0.07,12
"Awkua
MFC",52,0.56,0.29,0.06,17
John Ham,17,0.41,0.47,0.00,7
"mads
MDK",38,0.63,0.11,0.11,12
"mummAy
TWT",38,0.50,0.37,0.03,13
"mazin
MIBR",19,0.47,0.21,0.16,9
"ninim
ANTC",23,0.61,0.13,0.17,14
"beliplay
BCK",15,0.67,0.20,0.00,10
"NAKSU
HOWL.M",37,0.68,0.16,0.05,13
"Syllene
FF",24,0.50,0.33,0.08,12
"baddyG
ACE",23,0.52,0.30,0.09,12
"Nairo
buch",17,0.59,0.24,0.18,10
"neth
DFM",40,0.43,0.15,0.03,12
"Crunchy
BOBO",60,0.53,0.30,0.08,15
"Ginilson
KG",22,0.73,0.18,0.05,16
"Venka
GRY",46,0.63,0.13,0.20,16
"sunshine
WHO",21,0.57,0.10,0.05,12
"YamzzI
FL.GC",19,0.53,0.26,0.05,10
ArtemisZ,14,0.79,0.21,0.14,11
Noir,39,0.46,0.26,0.08,10
z2w,15,0.53,0.20,0.07,8
"FireBallOps
0",19,0.47,0.26,0.05,9
"adenqt
ARF",20,0.55,0.20,0.15,11
"Davidp
3D",24,0.25,0.79,0.00,6
Yu,22,0.64,0.14,0.23,14
"Snowi
OF",22,0.55,0.41,0.00,12
"blackhawk
CG",39,0.51,0.26,0.05,15
"vii
CARA",20,0.75,0.05,0.30,15
"Tmy
DRGN",61,0.56,0.21,0.08,16
"Ara
SOA",24,0.58,0.17,0.13,14
"MERZ
IW",83,0.52,0.49,0.07,14
"xelA
MIZ",42,0.74,0.07,0.12,18
"aerose
ALE",36,0.69,0.17,0.06,16
"jademwah
NB",39,0.51,0.38,0.05,13
"Reformed
EX-E",40,0.55,0.23,0.03,13
"Xeetii
TNX",18,0.56,0.39,0.06,10
gbc,17,0.65,0.18,0.06,11
"shen
1337",18,0.39,0.44,0.00,7
"Suki
UW.GC",34,0.62,0.18,0.03,11
Vossu,34,0.50,0.62,0.03,10
"MnFeaR
MGLZ",20,0.30,0.60,0.00,6
"Churra
Egre",17,0.41,0.41,0.06,7
"Gianni
NOMA",24,0.50,0.13,0.17,12
Mango,19,0.63,0.16,0.26,12
casuaL,18,0.39,0.11,0.06,7
"DOXZ3R
RGES",21,0.62,0.19,0.10,13
"juseu
DVM",18,0.56,0.39,0.17,10
"marky
OAS",23,0.48,0.13,0.17,11
Noel Fisher,15,0.67,0.07,0.13,10
HoangBao2,36,0.67,0.14,0.17,19
Daddy,16,0.44,0.63,0.00,7
"SouhcNi
SUP",17,0.53,0.35,0.06,9
Looxie,24,0.42,0.38,0.04,10
"nAts
TL",42,0.55,0.21,0.07,13
"Moechilla
STORM",15,0.60,0.07,0.07,9
"Gia
Tena",15,0.47,0.07,0.07,7
"S1Mon
JDG",52,0.56,0.35,0.08,12
"Mistic
TL",42,0.50,0.43,0.07,14
"HEMMORJAY
SKUL",65,0.58,0.14,0.14,17
"moose
C9",53,0.49,0.25,0.06,19
"xenia
HOWL.M",37,0.49,0.35,0.03,14
"eleo
OVA",39,0.41,0.28,0.03,10
"ease
OXR",66,0.55,0.47,0.05,14
"Dreamas
MZP",30,0.63,0.10,0.07,10
"jovahnii
BC",20,0.55,0.35,0.05,11
dziewa,21,0.29,0.38,0.00,6
"MEDC
AWAK",24,0.54,0.54,0.08,13
"Nariel
UNta",21,0.62,0.24,0.14,13
LTHEW,21,0.48,0.19,0.00,10
wiex1e,22,0.55,0.09,0.09,12
Avu,43,0.42,0.47,0.02,12
"Antigon
VIS",102,0.46,0.31,0.08,14
altG,21,0.52,0.24,0.19,11
"C0M
LEV",34,0.38,0.18,0.09,13
rustx,14,0.57,0.21,0.00,8
Anyx,17,0.53,0.35,0.00,9
R3gen,17,0.59,0.06,0.06,10
"Meloxy
Tama",18,0.56,0.28,0.06,10
"basbabe
XIA",32,0.56,0.13,0.13,18
Erick,40,0.45,0.30,0.03,10
"Sandro
IGW",46,0.52,0.37,0.04,16
"AdrianL
TOG",17,0.53,0.12,0.06,9
"Ronin
New",15,0.60,0.07,0.07,9
"MCD
EQZ",20,0.45,0.10,0.10,9
"xffero
RRQ",19,0.58,0.16,0.05,11
mochi,43,0.44,0.07,0.00,12
"Chrissy
aTTaX",39,0.69,0.13,0.15,15
"MARCTYLINHO
DVM",18,0.50,0.17,0.11,9
"Kenji
LZE",40,0.55,0.40,0.05,15
"samei
FCS.GC",24,0.38,0.33,0.08,9
"SyKo
PUG",66,0.42,0.14,0.03,12
Repulsive,66,0.50,0.38,0.05,17
kreazion,23,0.43,0.26,0.04,10
"Crws
TLN",21,0.38,0.38,0.05,8
"Razvy
SKUL",65,0.54,0.23,0.09,16
"SoOn
MDR",60,0.48,0.17,0.10,14
"Wanted
RZN",36,0.58,0.17,0.08,11
"bae
FUR.F",18,0.39,0.50,0.11,7
"NiSMO
M80",41,0.37,0.71,0.02,10
"Bea2
GA",15,0.53,0.60,0.00,8
"Lychii
DXA",19,0.37,0.42,0.00,7
"Yuna
UW.GC",34,0.47,0.32,0.09,10
"keloqz
DVM",18,0.61,0.17,0.11,11
danKey,52,0.58,0.27,0.04,12
"Zeke
SEN",39,0.36,0.23,0.00,10
"RgLMeister
MIBR",19,0.47,0.26,0.11,9
"payne
ASTA",19,0.42,0.53,0.00,8
Lock1ng,15,0.60,0.20,0.13,9
"kas
ASU",20,0.35,0.50,0.00,7
"blaZek1ng
GE",21,0.24,0.29,0.00,5
Yami,40,0.48,0.15,0.08,11
"KovaQ
ATN",17,0.47,0.00,0.00,8
"Huga
Even",17,0.53,0.12,0.00,9
"Goaster
MDR",60,0.65,0.12,0.25,21
Aether,22,0.23,0.50,0.05,5
"Delend
NE",20,0.30,0.55,0.00,6
DariusBBCDanis,15,0.53,0.20,0.07,8
"icy
BNDT",20,0.35,0.10,0.05,7
"Rendra
90 K",19,0.42,0.32,0.16,8
"Nidxvilco
MDK",38,0.47,0.29,0.08,15
"sacred
YFP",61,0.49,0.31,0.02,15
"nitr0
M80",41,0.41,0.12,0.12,12
"Marco
SKUL",51,0.39,0.25,0.08,11
"Jrmzie
CC P",20,0.55,0.05,0.10,11
"skies
BSU",38,0.61,0.13,0.16,14
"Nana
GMX.L",23,0.48,0.30,0.00,11
"jen
Merc",37,0.57,0.14,0.11,11
"Julie
KPI.S",21,0.38,0.57,0.05,8
"Cinjvv
MGLZ",20,0.30,0.15,0.05,6
phuq,36,0.39,0.17,0.14,9
"Toskri
GRID",21,0.52,0.14,0.10,11
maria,14,0.79,0.14,0.07,11
LessSeungho,16,0.44,0.06,0.13,7
"BE
KBLD",24,0.25,0.63,0.00,6
"Jurkey64
RGN",24,0.38,0.38,0.08,9
"Fross
XS",37,0.43,0.35,0.05,13
"car
ASP",19,0.53,0.11,0.16,10
"asta
2002",22,0.32,0.18,0.05,7
"Blueming
ONS",24,0.50,0.25,0.04,12
"Movi
PMT",20,0.40,0.65,0.00,8
"Limpe
OF",22,0.64,0.18,0.14,14
Hummer,22,0.45,0.14,0.00,10
"RockeT
GMX",81,0.56,0.15,0.12,20
Sorrow,23,0.48,0.00,0.00,11
"ch0ku
BSU",23,0.43,0.22,0.09,10
vikinga,17,0.53,0.24,0.12,9
"zyad
tgz",65,0.54,0.17,0.09,16
"Karina
FKS.S",17,0.59,0.00,0.06,10
Scrt,21,0.43,0.10,0.14,9
"Thuy
ZER.M",20,0.35,0.35,0.05,7
"kadiri
ARC",53,0.55,0.11,0.15,14
"GGonyaK
CYG",43,0.53,0.19,0.16,15
"Tn
TMA",23,0.48,0.35,0.09,11
"Desi
FKS.S",17,0.53,0.12,0.06,9
"Tommy
Exal",20,0.40,0.85,0.05,8
andy,42,0.33,0.60,0.05,12
DYoung,17,0.41,0.35,0.18,7
"thief
YFP",20,0.40,0.30,0.00,8
"Vitie
Uzhi",15,0.47,0.27,0.00,7
"JULIA
SNG",16,0.63,0.13,0.13,10
"Demiurge
MZP",30,0.63,0.13,0.10,12
"ayman
BZE",60,0.58,0.25,0.12,18
"Hotaru
LEV.GC",21,0.52,0.48,0.14,11
"Sher1o
GMX",37,0.32,0.03,0.03,7
"meleliita
LEV.GC",21,0.57,0.33,0.14,12
AcZy,20,0.45,0.35,0.05,9
"Absol
MRSH",49,0.43,0.18,0.06,12
Lazidus,24,0.33,0.13,0.04,8
"xPatrycksio
SZK",24,0.50,0.29,0.00,12
"jzz
MIBR",19,0.42,0.26,0.00,8
"MOJJ
EF",17,0.53,0.12,0.06,9
Boat,38,0.55,0.18,0.08,15
"Spitzer
TOG",42,0.36,0.31,0.02,9
Dignified,20,0.55,0.40,0.00,11
Hibui,18,0.39,0.39,0.06,7
"PIGGY
PFlu",42,0.40,0.43,0.07,12
"Xalleby
6K.Fem",19,0.63,0.11,0.21,12
"MattZ
spec",26,0.50,0.23,0.12,13
"Aniemal
Wild",18,0.44,0.17,0.06,8
caroly,15,0.53,0.13,0.20,8
LilGrizzly,18,0.39,0.22,0.00,7
Kaski,23,0.52,0.00,0.13,12
"Curumi
FL.GC",19,0.68,0.32,0.11,13
"FuriouzMeow
lave",15,0.47,0.47,0.07,7
"LeoZ
N5R",35,0.40,0.29,0.06,10
"MiniNiwde
MR",21,0.43,0.24,0.00,9
Miakei,18,0.28,0.33,0.11,5
"Cla
NSR.I",24,0.50,0.21,0.21,12
"ataraxia
LEV.GC",21,0.52,0.14,0.00,11
angel,15,0.53,0.20,0.00,8
"kamo
KOI",20,0.45,0.20,0.10,9
"Vivii
UW.GC",34,0.53,0.12,0.21,13
"Kaqnn
SKUL",65,0.43,0.06,0.02,13
"felito
buch",34,0.47,0.18,0.00,9
"Sillyseal27
KS",19,0.53,0.16,0.05,10
"ikyoo
FKS.S",17,0.53,0.18,0.12,9
"jvhz
XS",37,0.46,0.19,0.14,10
"Limp
BPC",20,0.50,0.35,0.05,10
"Sammo
BPC",20,0.55,0.10,0.10,11
"Neat
AOE",21,0.43,0.14,0.00,9
EQUINOX,20,0.45,0.20,0.15,9
"55EE
JDG",52,0.65,0.06,0.33,18
"chukL9
APE",15,0.53,0.07,0.00,8
"Fall
Van",14,0.43,0.57,0.07,6
"Mega
OPY",63,0.52,0.11,0.10,15
"cro3N
LR",20,0.40,0.60,0.15,8
"chase
Cudd",15,0.53,0.07,0.13,8
Jackk,18,0.50,0.06,0.06,9
"Edw4rd
0Zer",34,0.50,0.41,0.03,13
"Mcfly
SNX.F",18,0.33,0.28,0.00,6
Rosiee,24,0.50,0.17,0.13,12
"leeni
KPI.S",24,0.50,0.17,0.21,12
Vince,15,0.53,0.07,0.13,8
partisan,17,0.41,0.65,0.06,7
"Governor
TLN",21,0.24,0.14,0.10,5
InSanie,17,0.35,0.18,0.00,6
"hiro
SUP",17,0.41,0.53,0.12,7
"misty
BCGF",15,0.60,0.20,0.07,9
"JrayN
FB",19,0.37,0.37,0.00,7
"Kyrin
50 S",16,0.38,0.38,0.06,6
"Hernando
Igni",34,0.32,0.26,0.09,6
"didii
MDK",38,0.50,0.39,0.05,13
"butu
Baby",15,0.47,0.27,0.20,7
"sterben
SUP",17,0.59,0.29,0.00,10
sxaph,13,0.46,0.08,0.08,6
Golden,18,0.50,0.28,0.06,9
"Kestrel
Sove",14,0.50,0.14,0.00,7
"RvK
RGES",21,0.29,0.24,0.00,6
Caucasus,19,0.37,0.63,0.11,7
"kaps
BPC",20,0.45,0.35,0.10,9
"prask
MR",21,0.38,0.14,0.05,8
Veni,36,0.36,0.25,0.00,9
"sixelaoen
NWJ",19,0.42,0.47,0.05,8
"glxy
Yach",14,0.43,0.21,0.00,6
"Caim
IGW",46,0.46,0.13,0.13,14
mateo,15,0.27,0.40,0.00,4
so4p,14,0.50,0.43,0.00,7
"BiGuNszZ
Yonk",16,0.50,0.25,0.06,8
"melya
Equi",14,0.71,0.14,0.07,10
"Davud
WHO",21,0.33,0.29,0.05,7
Ponk,36,0.36,0.33,0.06,11
"IceyKL
Six",16,0.50,0.25,0.19,8
"Lil Bob
FKS.S",17,0.53,0.00,0.18,9
"adm1k
INCO",21,0.33,0.67,0.00,7
Ciel,23,0.39,0.35,0.04,9
"Maanish
QOR",18,0.17,0.44,0.00,3
urinals,16,0.38,0.19,0.13,6
"GeriPinSon
SG.GC",24,0.38,0.17,0.08,9
"Brädi
DOES",15,0.27,0.53,0.07,4
"Newzera
DVM",18,0.39,0.22,0.11,7
kilo,15,0.40,0.33,0.07,6
Dazeryuf,14,0.50,0.36,0.07,7
Mizern,17,0.53,0.06,0.00,9
xei,16,0.44,0.50,0.00,7
"Whats Wong
ARC",53,0.42,0.36,0.00,10
"Georggyyy
VAL",21,0.38,0.05,0.10,8
"kv7m
UNta",18,0.33,0.33,0.00,6
"Belyaks1
RZN",36,0.36,0.36,0.11,8
"Faska
EQZ",20,0.35,0.30,0.05,7
"gmA
FUZO",20,0.35,0.40,0.05,7
"NoXuS
SKUL",14,0.50,0.29,0.07,7
"Sekkya
YFP",41,0.29,0.49,0.00,6
Foster,19,0.47,0.16,0.11,9
"469matt
DG",15,0.47,0.07,0.00,7
"Spolen
MZP",30,0.37,0.43,0.10,8
"Glenn
Siko",15,0.53,0.13,0.00,8
m0narcS,14,0.50,0.21,0.07,7
"vong
MZP",30,0.47,0.27,0.00,9
"infiltrator
WU",20,0.55,0.05,0.20,11
"z7eus
TOG",42,0.45,0.10,0.10,15
"xZe
SPE",20,0.35,0.05,0.15,7
"YoWamu
NTH",45,0.40,0.29,0.00,10
Salzi,37,0.41,0.14,0.08,11
"kongared
AAA",22,0.36,0.68,0.00,8
TIZOKI,19,0.32,0.47,0.05,6
"dok
RTZN",15,0.27,0.00,0.00,4
"nekoaimer
YFP",41,0.44,0.07,0.07,11
"3DWN
SaD",16,0.44,0.13,0.00,7
"ChAlalala
AAA",22,0.45,0.14,0.14,10
"June
CG.GC",20,0.40,0.10,0.05,8
"Animal
SKUL",65,0.45,0.29,0.02,9
"svv
Egir",14,0.57,0.14,0.00,8
"Lilo
MBH",20,0.45,0.15,0.00,9
"emi
WOOP",16,0.63,0.13,0.00,10
"Efina
F4Q",24,0.38,0.21,0.08,9
"Will
TWT",53,0.42,0.25,0.08,15
"zarak
 Swa",20,0.35,0.15,0.05,7
"Gdzin
KG",22,0.55,0.05,0.14,12
"KHorror
Wint",15,0.27,0.00,0.00,4
"kaii
RIOS",15,0.47,0.47,0.00,7
"Ixela
HOWL.M",37,0.30,0.27,0.03,6
miz,17,0.41,0.24,0.18,7
Kollvinha,15,0.33,0.20,0.00,5
"STAVINCI
ATN",17,0.24,0.59,0.00,4
hieu,21,0.48,0.10,0.14,10
"Drog
APE",15,0.33,0.13,0.07,5
"yoonited
DG",15,0.27,0.40,0.00,4
"hiroronn
ZETA",48,0.23,0.56,0.02,6
"wow
LVI",14,0.43,0.14,0.07,6
Wangle,17,0.35,0.29,0.06,6
"sturNN
FB",19,0.32,0.32,0.00,6
"Impecunity
NG",22,0.50,0.05,0.09,11
jcey,16,0.38,0.31,0.06,6
"Loupiote
ZER.M",20,0.25,0.35,0.05,5
Amity,14,0.71,0.07,0.00,10
aztex,23,0.26,0.61,0.04,6
"KING VINNY
99S",15,0.40,0.20,0.20,6
euphaze,17,0.35,0.12,0.00,6
Daki,17,0.29,0.65,0.06,5
Breezy,17,0.47,0.06,0.06,8
"auri
NB",21,0.24,0.29,0.05,5
Dylan,15,0.27,0.20,0.00,4
"vaZ
ZEN.GC",17,0.18,0.47,0.00,3
"sword
RTZN",15,0.40,0.13,0.20,6
sumi,17,0.47,0.06,0.12,8
"illumi
ANTC",15,0.60,0.00,0.27,9
"RYKER
Team",29,0.41,0.10,0.07,8
"Havex
TLP",13,0.46,0.08,0.15,6
"rayne
frie",16,0.56,0.06,0.00,9
"rrisky
TLE",21,0.24,0.48,0.00,5
matic,22,0.32,0.27,0.05,7
"Shalaby
OP",24,0.33,0.25,0.08,8
"Karma
RZN",36,0.44,0.03,0.08,9
blondesh,16,0.56,0.19,0.00,9
Rereiana,38,0.37,0.08,0.08,9
Intu,18,0.50,0.11,0.11,9
Benderr,15,0.47,0.47,0.00,7
"iHenDog
ASTA",19,0.32,0.16,0.00,6
Phoxic,14,0.29,0.21,0.00,4
"theozy
CAOS.GC",20,0.30,0.25,0.00,6
"onob
ALE",36,0.47,0.06,0.08,12
"Tenshi
IGW",15,0.40,0.00,0.07,6
Frisk,22,0.32,0.14,0.00,7
Driz,14,0.29,0.14,0.00,4
"Deria
Vien",18,0.33,0.50,0.00,6
Celeste,14,0.43,0.07,0.21,6
"silenx
SAD",15,0.47,0.13,0.07,7
"NoMiss
buch",34,0.32,0.50,0.09,6
"miwa
SNX.F",18,0.28,0.50,0.00,5
"no1syboy
MBH",20,0.30,0.10,0.00,6
"A1MBOT
Avai",14,0.64,0.14,0.00,9
"Chrome
DG",15,0.40,0.13,0.13,6
"overdose
Catn",16,0.38,0.19,0.00,6
JuicyJames,19,0.16,0.37,0.00,3
"Vam
TU.O",18,0.44,0.06,0.06,8
"kev
Fish",18,0.33,0.11,0.17,6
"Estrella
RRQ",19,0.21,0.26,0.00,4
kira,13,0.62,0.15,0.00,8
"HearthBeat
MZP",30,0.47,0.27,0.07,9
"WicK
DG",15,0.40,0.27,0.00,6
"orp
Medi",15,0.33,0.40,0.07,5
"Yzn
Team",29,0.34,0.10,0.00,6
"frontside
RZN",16,0.38,0.25,0.00,6
D0V3S,15,0.33,0.27,0.00,5
"nightz
ASTA",19,0.47,0.11,0.21,9
"cawn
SJSU",17,0.24,0.53,0.06,4
kone,14,0.43,0.14,0.14,6
Hori,16,0.44,0.06,0.06,7
"eugeneS
SKYE",23,0.39,0.17,0.13,9
"steezy
Pros",29,0.31,0.14,0.03,5
nvk,15,0.33,0.07,0.07,5
"panique
COOP",35,0.29,0.17,0.06,8
"enderz
Tena",15,0.47,0.00,0.07,7
"FallX
GLAB",20,0.35,0.10,0.15,7
"1papaya
UT",15,0.40,0.20,0.00,6
yhury,17,0.29,0.12,0.12,5
"Kixer
RZN",16,0.19,0.25,0.06,3
"PepegaPig
DawN",15,0.40,0.13,0.20,6
Sunden,13,0.38,0.08,0.00,5
"stev0rr
UOL",24,0.29,0.13,0.04,7
"Jenniffer
ERIN",16,0.50,0.13,0.00,8
"Coax
SaD",16,0.31,0.06,0.00,5
"quantumrino
PMT",20,0.30,0.05,0.15,6
"Anva
fuVi",18,0.17,0.17,0.17,3
Spooky,13,0.46,0.08,0.08,6
chay,17,0.12,0.65,0.06,2
"MERZAA
Atla",15,0.20,0.27,0.00,3
"Meganee
CG.GC",20,0.15,0.15,0.05,3
"KIMCHI
UT",15,0.47,0.20,0.13,7
jigglyput,13,0.38,0.08,0.00,5
CortexDesire,22,0.27,0.18,0.05,6
Darkz,15,0.33,0.13,0.07,5
"qrthur
Skyl",13,0.31,0.08,0.00,4
"runneR
VIT",20,0.30,0.20,0.10,6
Ban,17,0.24,0.06,0.00,4
"Bawn
BRKA",14,0.29,0.29,0.00,4
Nymfelie,16,0.31,0.00,0.06,5
jeh,15,0.33,0.13,0.00,5
Eowyn,13,0.23,0.00,0.00,3
churros,13,0.31,0.15,0.00,4
Sayu,16,0.31,0.06,0.06,5
"Kalkkuna
STR99",15,0.40,0.00,0.07,6
muaaz,14,0.14,0.21,0.00,2
TOKYO,14,0.21,0.43,0.07,3
"panday
YFP",16,0.25,0.31,0.00,4
"BONCE
PDF",17,0.29,0.12,0.12,5
Xylandir,14,0.43,0.00,0.00,6
"boopie
Tena",15,0.33,0.07,0.07,5
Unsane,14,0.14,0.00,0.00,2
"kpro
Igni",15,0.20,0.20,0.00,3
cloudzzy,13,0.15,0.31,0.08,2
"Lucky
Luxo",15,0.20,0.00,0.00,3
"zeyzey
Tama",18,0.33,0.06,0.11,6
ZenSan1ty,15,0.13,0.47,0.00,2
"Asahi
Novu",15,0.33,0.00,0.00,5
"Hyungwonho
Tena",15,0.27,0.13,0.00,4
namiera,13,0.23,0.00,0.08,3
ty,14,0.21,0.00,0.21,3
Lucid,16,0.13,0.13,0.00,2
imai,14,0.07,0.14,0.00,1
Allyora,14,0.21,0.00,0.00,3
Yolk,14,0.29,0.00,0.07,4
fersoca,14,0.07,0.43,0.07,1
"tiffy
Psyc",16,0.13,0.31,0.00,2
LFT,14,0.14,0.00,0.00,2
"sihw
RTZN",15,0.07,0.20,0.00,1
"Dingwei
DRG",23,0.39,0.30,,9
"Knight
BLG",21,0.62,0.76,,13
"Yuicaw
WOL",43,0.84,0.16,,21
"coldfish
WOL",43,0.63,0.21,,14
"aluba
WOL",43,0.51,0.28,,14
"Spring
WOL",43,0.84,0.07,,19
"pl1xx
WOL",43,0.33,0.44,,11
"GuanG
NOVA",58,0.69,0.10,,14
"o0o0o
NOVA",58,0.41,0.29,,10
"Biank
BLG",21,0.71,0.33,,15
"CB
NOVA",58,0.88,0.28,,24
"OBONE
NOVA",58,0.47,0.29,,10
"MarT1n
JDG",18,0.72,0.22,,13
"SWERL
NOVA",58,0.78,0.10,,21
"CHICHOO
EDG",66,0.65,0.29,,22
"AC
TEC",18,0.56,0.11,,10
"Smoggy
EDG",66,0.94,0.38,,24
"YiHao
JDG",18,0.17,0.11,,3
"Nicc
DRG",23,0.61,0.78,,14
"Life
FPX",53,0.83,0.21,,22
"Yosemite
BLG",21,0.81,0.33,,17
"TvirusLuke
DRG",23,0.83,0.13,,19
"B3ar
BLG",21,0.57,0.62,,12
"nizhaoTZH
DRG",23,0.91,0.48,,21
"vo0kashu
DRG",23,0.43,0.13,,10
Lysoar,53,0.62,0.26,,19
"AAAAY
FPX",53,0.75,0.17,,26
"Rb
TEC",39,0.67,0.21,,17
"BerLIN
FPX",53,0.55,0.45,,15
"Autumn
FPX",53,0.64,0.17,,18
"ZmjjKK
EDG",66,0.95,0.27,,27
"kawaii
iNv",39,0.67,0.23,,14
"stew
JDG",18,0.56,0.17,,10
"whzy
Toe",21,1.19,0.24,,25
"Abo
TYL",39,0.56,0.21,,12
"QiuYe
iNv",21,0.71,0.43,,15
"LockM
TEC",39,0.72,0.21,,15
"nobody
EDG",66,0.70,0.29,,27
"Viva
JDG",18,0.89,0.50,,16
"YHchen
JDG",18,0.17,0.44,,3
"Haodong
EDG",66,0.70,0.45,,20
